id,hip,hd,hr,gl,bf,proper,ra,dec,dist,pmra,pmdec,rv,mag,absmag,spect,ci,x,y,z,vx,vy,vz,rarad,decrad,pmrarad,pmdecrad,bayer,flam,con,comp,comp_primary,base,lum,var,var_min,var_max
0,,,,,,Sol,0.0,0.0,0.0,0.0,0.0,0.0,-26.7,4.85,G2V,0.656,0.000005,0.0,0.0,0.0,0.0,0.0,0.0,0.0,0.0,0.0,,,,1,0,,1.0,,,
32263,32349,48915,2491,Gl 244A,9Alp CMa,Sirius,6.752481,-16.716116,2.6371,-546.01,-1223.08,-9.4,-1.44,1.454,A0m...,0.009,-0.494323,2.476731,-0.758485,0.00000953,-0.00001207,-0.00001221,1.7677953696021995,-0.291751258517685,-0.0000026471311772,-0.000005929659164,Alp,9,CMa,1,32263,Gl 244,22.824433121735034,,-1.333,-1.523
30365,30438,45348,2326,,Alp Car,Canopus,6.399195,-52.69566,94.7867,19.99,23.67,21.0,-0.62,-5.504,F0Ib,0.164,-5.992679,57.132034,-75.396105,-0.0000114,0.00002059,-0.00001049,1.6753053519997292,-0.9197127748902675,0.0000000969142547,0.000000114755398,Alp,,Car,1,30365,,13854.791675667215,,-0.547,-0.667
69451,69673,124897,5340,Gl 541,16Alp Boo,Arcturus,14.26103,19.18241,11.2575,-1093.45,-1999.4,-5.0,-0.05,-0.307,K2IIIp,1.239,-8.823448,-5.932531,3.698938,-0.00005905,0.0000322,-0.00010473,3.7335290285420872,0.33479621805862125,-0.00000530119519,-0.000009693364729,Alp,16,Boo,1,69451,,115.55799554021293,,,
71456,71683,128620,5459,Gl 559A,Alp1Cen,Rigil Kentaurus,14.660765,-60.833976,1.3248,-3678.19,481.84,-26.2,-0.01,4.379,G2V,0.71,-0.495203,-0.414084,-1.156625,-0.00000722,0.00002476,0.00002491,3.838179211777228,-1.0617531757704175,-0.0000178323683168,0.000002336026238,Alp-1,,Cen,1,71456,Gl 559,1.543121065657792,,0.113,-0.087
90979,91262,172167,7001,Gl 721,3Alp Lyr,Vega,18.61564,38.783692,7.6787,201.02,287.46,-12.1,0.03,0.604,A0Vvar,-0.001,0.960565,-5.908009,4.809731,0.00000476,0.00001734,0.00000059,4.873563095509031,0.6769031163973025,0.0000009745724607,0.000001393645406,Alp,3,Lyr,1,90979,,49.93441887213498,,,
24549,24608,34029,1708,Gl 194A,13Alp Aur,Capella,5.27815,45.997991,13.1234,75.52,-427.13,22.2,0.08,-0.51,M1: comp,0.795,1.712633,8.954439,9.440007,0.00000192,0.00003559,-0.00000254,1.381816412648801,0.8028163926341112,0.0000003661312916,-0.000002070784673,Alp,13,Aur,1,24549,Gl 194,139.3156802945302,,,
24378,24436,34085,1713,,19Bet Ori,Rigel,5.242298,-8.20164,264.5503,1.87,-0.56,21.0,0.18,-6.933,B8Ia,-0.03,51.601106,256.709905,-37.740051,0.00000182,0.00002121,-0.00000377,1.3724303693276385,-0.143145630755865,0.0000000090660158,-0.000000002714956,Bet,19,Ori,1,24378,,51665.42425669497,,,
37173,37279,61421,2943,Gl 280A,10Alp CMi,Procyon,7.655033,5.224993,3.5142,-716.57,-1034.58,-4.0,0.4,2.671,F5IV-V,0.432,-1.469312,3.17617,0.320024,0.00001212,0.00000289,-0.00001792,2.004083041242831,0.09119333187796,-0.0000034740293908,-0.000005015785376,Alp,10,CMi,1,37173,Gl 280,7.4404636619191935,,,
7574,7588,10144,472,,Alp Eri,Achernar,1.628556,-57.236757,42.7533,88.02,-40.08,16.0,0.45,-2.705,B3Vp,-0.158,21.065573,9.568417,-35.951967,-0.00000584,0.00001738,-0.00001826,0.42635506591376426,-0.9989698692415762,0.0000004267330016,-0.000000194313323,Alp,,Eri,1,7574,,1051.9618738232234,Alp,0.487,0.427
27919,27989,39801,2061,,58Alp Ori,Betelgeuse,5.919529,7.407063,152.6718,27.33,10.86,21.0,0.45,-5.469,M2Ib,1.5,3.189296,151.364387,19.682142,-0.0000198,0.00002068,0.00001074,1.5497291183713153,0.12927763169419373,0.0000001324995789,0.000000052650765,Alp,58,Ori,1,27919,,13415.28798266127,Alp,0.571,0.281
68483,68702,122451,5267,,Bet Cen,Hadar,14.063729,-60.373039,120.1923,-33.96,-25.06,6.0,0.61,-4.789,B1III,-0.231,-50.954051,-30.56287,-104.478695,-0.00000189,0.00002194,-0.00001255,3.681875660376148,-1.053708314075195,-0.0000001646427259,-0.000000121494308,Bet,,Cen,1,68483,,7171.33482657721,Bet,0.634,0.594
97338,97649,187642,7557,Gl 768,53Alp Aql,Altair,19.846388,8.868322,5.1295,536.82,385.54,-26.1,0.76,2.21,A7IV-V,0.221,2.355468,-4.4873,0.790749,-0.00000112,0.00003087,0.00000536,5.195772105546999,0.15478141706831,0.0000026025768,0.000001869150664,Alp,53,Aql,1,97338,,11.376272858234303,Alp,0.803,0.753
60530,60718,108248,4730,,Alp1Cru,Acrux,12.443311,-63.099092,98.7167,-35.37,-14.73,-11.0,0.77,-4.202,B0.5IV,-0.243,-44.363755,-5.171957,-88.034513,0.00000934,0.00001813,0.00000684,3.2576512815622607,-1.1012869028642311,-0.0000001714785988,-0.000000071413055,Alp-1,,Cru,1,60530,,4176.379929509739,,,
21368,21421,29139,1457,Gl 171.1A,87Alp Tau,Aldebaran,4.598677,16.509301,20.4332,62.78,-189.36,54.5,0.87,-0.682,K5III,1.538,7.02722,18.287604,5.806661,0.00001528,0.00005709,-0.00000214,1.2039308112027507,0.2881416661221312,0.0000003043660287,-0.000000918043185,Alp,87,Tau,1,21368,Gl 171.1,163.23000728189953,Alp,0.888,0.858
118360,,,,Gl 194B,,,5.277926,46.000842,12.9383,80.57,-422.38,33.9,0.96,0.401,G0 III,,1.689045,8.828648,9.308413,0.00000314,0.00004332,0.00000654,1.381757778719121,0.8028661534716,0.0000003906143824,-0.000002047770568,,,Aur,2,24549,Gl 194,60.20048636844592,,,
65269,65474,116658,5056,,67Alp Vir,Spica,13.419883,-11.161322,76.5697,-42.5,-31.73,1.0,0.98,-3.44,B1V,-0.235,-69.990853,-27.285826,-14.82176,-0.00000454,0.00001516,-0.00001175,3.5133172180991257,-0.194801818024575,-0.0000002060458142,-0.00000015383138,Alp,67,Vir,1,65269,,2070.1413487910413,Alp,1.001,0.961
80519,80763,148478,6134,,21Alp Sco,Antares,16.490128,-26.432002,169.7793,-10.16,-23.21,-3.0,1.06,-5.089,M1Ib + B2.5V,1.865,-58.542602,-140.307591,-75.574766,-0.00000338,0.0000136,-0.00001574,4.317105466000638,-0.4613254705959812,-0.0000000492570699,-0.000000112525255,Alp,21,Sco,1,80519,,9453.660459579653,Alp,1.155,0.995
37718,37826,62509,2990,Gl 286,78Bet Gem,Pollux,7.755277,28.026199,10.3584,-625.69,-45.95,3.6,1.16,1.084,K0IIIvar,0.991,-4.055465,8.19518,4.867171,0.00002624,0.00001782,-0.00000031,2.0303268874812184,0.4891494417459975,-0.0000030334307179,-0.000000222771886,Bet,78,Gem,1,37718,,32.09223768048434,,,
113008,113368,216956,8728,Gl 881,24Alp PsA,Fomalhaut,22.960838,-29.622236,7.7036,329.22,-164.22,6.1,1.17,1.737,A3V,0.145,6.450517,-1.799476,-3.807757,0.00000561,0.0000112,-0.00000841,6.011133383906492,-0.5170055514089774,0.0000015961035991,-0.000000796161026,Alp,24,PsA,1,113008,,17.587333541355722,,,
62239,62434,111123,4853,,Bet Cru,Mimosa,12.795359,-59.688764,85.3971,-48.24,-12.82,16.0,1.25,-3.407,B0.5III,-0.238,-42.168771,-8.909619,-73.723149,-0.00000773,0.00001878,-0.00001681,3.349817026601454,-1.0417654498397388,-0.0000002338741195,-0.000000062153113,Bet,,Cru,1,62239,,2008.1678041839857,Bet,1.267,1.237
101767,102098,197345,7924,,50Alp Cyg,Deneb,20.690532,45.280338,432.9004,1.56,1.55,-5.0,1.25,-6.932,A2Ia,0.092,197.250632,-232.113407,307.600832,-0.00000133,0.00000662,-0.00000134,5.416768542177067,0.790290982752855,0.0000000075630934,0.000000007514612,Alp,50,Cyg,1,101767,,51617.86054966733,Alp,1.294,1.224
71453,71681,128621,5460,Gl 559B,Alp2Cen,Toliman,14.660346,-60.8383,1.3248,-3678.19,481.84,-26.2,1.35,5.739,K1V,0.9,-0.495181,-0.413973,-1.156674,-0.00000722,0.00002476,0.00002491,3.8380695707772277,-1.0618286487704176,-0.0000178323683168,0.000002336026238,Alp-2,,Cen,2,71456,Gl 559,0.44096081645063756,,,
49528,49669,87901,3982,,32Alp Leo,Regulus,10.139532,11.967207,24.3132,-249.4,4.91,6.0,1.36,-0.569,B7V,-0.087,-21.018857,11.132218,5.041397,0.00000856,0.00002873,0.00000184,2.654523172153456,0.20886716528807125,-0.0000012091253193,0.000000023804351,Alp,32,Leo,1,49528,,147.09570767969763,,,
33492,33579,52089,2618,,21Eps CMa,Adhara,6.977097,-28.972084,124.2236,2.63,2.29,27.0,1.5,-3.971,B2II,-0.211,-27.497987,105.141608,-60.171969,-0.00000781,0.00002362,-0.00001217,1.8265996485677483,-0.5056582518554612,0.0000000127505998,0.000000011102233,Eps,21,CMa,1,33492,,3375.981048554255,,,
36744,36850,60179,2891,Gl 278A,66Alp Gem,Castor,7.576634,31.888276,15.5958,-206.33,-148.18,6.0,1.58,0.615,A2Vm,0.034,-5.311938,12.130011,8.238737,0.00000983,0.00001645,-0.00000627,1.983558270234413,0.5565554130270287,-0.0000010003160671,-0.000000718396911,Alp,66,Gem,1,36744,Gl 278,49.43106869868354,,,
60893,61084,108903,4763,,Gam Cru,Gacrux,12.519429,-57.113212,27.1518,27.94,-264.33,21.0,1.59,-0.579,M4III,1.6,-14.606901,-1.998688,-22.800748,0.00001789,-0.00000126,-0.00003693,3.277578929248245,-0.9968135891950087,0.0000001354569423,-0.000001281508001,Gam,,Cru,1,60893,,148.45676750522713,,,
85665,85927,158926,6527,,35Lam Sco,Shaula,17.560145,-37.103821,175.1313,-8.9,-29.95,-3.0,1.62,-4.597,B1.5IV+...,-0.231,-16.048583,-138.749793,-105.649898,-0.00000546,0.00001854,-0.00001843,4.597235152451346,-0.6475838425148488,-0.0000000431484176,-0.000000145201697,Lam,35,Sco,1,85665,,6008.9695048348585,Lam,1.656,1.596
25273,25336,35468,1790,,24Gam Ori,Bellatrix,5.418851,6.349702,77.3994,-8.75,-13.28,18.0,1.64,-2.804,B2III,-0.224,11.658576,76.036136,8.56012,0.0000061,0.00001813,-0.00000292,1.418651833814526,0.11082320964651,-0.000000042421197,-0.000000064383256,Gam,24,Ori,1,25273,,1152.3913771994878,,,
25364,25428,35497,1791,,112Bet Tau,Elnath,5.438198,28.60745,41.0509,23.28,-174.22,9.0,1.65,-1.417,B7III,-0.13,5.281578,35.6504,19.655456,-0.00000097,0.00002509,-0.00002603,1.4237168085654672,0.4992941923790525,0.0000001128646248,-0.000000844642394,Bet,112,Tau,1,25364,,321.21809339879854,,,
45106,45238,80007,3685,,Bet Car,Miaplacidus,9.220041,-69.717208,34.6981,-157.66,108.91,-5.0,1.67,-1.032,A2IV,0.07,-8.980712,8.001552,-32.546536,0.00000613,0.00003005,0.00001115,2.413801172874073,-1.2167948189074338,-0.0000007643572488,0.000000528010579,Bet,,Car,1,45106,,225.32013356294826,,,
26246,26311,37128,1903,,46Eps Ori,Alnilam,5.603559,-1.20192,606.0606,1.49,-1.06,26.0,1.69,-7.223,B0Ia,-0.184,62.775122,602.66691,-12.712683,-0.00000161,0.00002683,-0.00000367,1.4670083872075836,-0.02097745796646875,0.0000000072237238,-0.000000005139025,Eps,46,Ori,1,26246,,67483.87308707573,Eps,1.717,1.667
108922,109268,209952,8425,Gl 848.2,Alp Gru,Alnair,22.137209,-46.960975,30.9693,127.6,-147.91,10.9,1.73,-0.725,B7IV,-0.07,18.672505,-9.904001,-22.635193,0.00000136,0.00002096,-0.0000233,5.795507642944743,-0.8196236395192475,0.0000006186222564,-0.000000717087914,Alp,,Gru,1,108922,,169.82436524617444,,,
26662,26727,37742,1948,,50Zet Ori,Alnitak,5.679313,-1.942572,225.7336,3.99,2.54,18.0,1.74,-5.028,O9.5Ib SB,-0.199,18.918488,224.809409,-7.651875,-0.0000028,0.00001879,0.00000215,1.4868406872605762,-0.03390428125016375,0.0000000193440659,0.000000012314267,Zet,50,Ori,1,26662,,8937.169608501978,,,
39840,39953,68273,3207,,Gam2Vel,,8.158876,-47.336588,342.4658,-5.93,9.9,35.0,1.75,-5.923,WC8 + O9I,-0.145,-124.300149,195.993257,-251.831601,-0.00001115,0.00003596,-0.00001518,2.135988613442301,-0.8261793110301525,-0.0000000287494513,0.000000047996554,Gam-2,,Vel,1,39840,,20379.803862870547,Gam-2,1.767,1.727
62757,62956,112185,4905,,77Eps UMa,Alioth,12.900472,55.959821,25.31,111.74,-8.99,-9.0,1.76,-0.256,A0p,-0.022,-13.775959,-3.309169,20.972944,0.00000732,-0.00001234,-0.00000824,3.377335590144558,0.9766831266334463,0.0000005417308067,-0.000000043584749,Eps,77,UMa,1,62757,,110.25543321022239,Eps,1.776,1.746
15824,15863,20902,1017,,33Alp Per,Mirfak,3.405378,49.86118,155.2795,24.11,-26.01,-2.0,1.79,-4.166,F5Ib,0.481,62.885098,77.880689,118.708804,-0.00000555,0.00002202,-0.00001419,0.8915260037750609,0.8702417516246674,0.0000001168885784,-0.000000126100038,Alp,33,Per,1,15824,,4040.173353730007,,,
89906,90185,169022,6879,,20Eps Sgr,Kaus Australis,18.402868,-34.384616,43.9367,-39.61,-124.05,-15.0,1.79,-1.424,B9.5III,-0.031,3.817188,-36.057831,-24.812975,-0.00001129,0.00002654,-0.00001314,4.817859452696385,-0.6001247623494875,-0.0000001920346989,-0.00000060141137,Eps,20,Sgr,1,89906,,323.2957533680941,,,
53905,54061,95689,4301,,50Alp UMa,Dubhe,11.062155,61.751033,37.679,-136.46,-35.25,-9.0,1.81,-1.07,F7V comp,1.061,-17.298705,4.33488,33.191332,0.00000478,0.0000245,-0.00001116,2.896065350203451,1.0777588446528075,-0.0000006615767485,-0.000000170896822,Alp,50,UMa,1,53905,,233.3458062281002,,,
34354,34444,54605,2693,,25Del CMa,Wezen,7.139857,-26.3932,492.6108,-2.75,3.33,34.0,1.83,-6.633,F8Ia,0.671,-129.733458,421.761488,-218.979855,-0.00000392,0.00003508,-0.00000833,1.869210132341708,-0.46064823373741876,-0.0000000133323762,0.000000016144295,Del,25,CMa,1,34354,,39192.232245497704,,,
67088,67301,120315,5191,,85Eta UMa,Alkaid,13.792354,49.313265,31.8674,-121.23,-15.56,-11.0,1.85,-0.667,B3V SB,-0.099,-18.529548,-9.394541,24.164506,-0.00000355,0.0000192,-0.0000101,3.6108299012782816,0.8606788389261799,-0.0000005877396249,-0.000000075437008,Eta,85,UMa,1,67088,,160.99040762157054,,,
40921,41037,71129,3307,,Eps Car,Avior,8.375236,-59.509483,185.5288,-25.34,22.72,2.0,1.86,-4.482,K3III+B2V,1.196,-54.83708,76.515238,-159.872623,0.00000766,0.00002843,0.00000861,2.192631676046867,-1.038636414190405,-0.0000001228517867,0.000000110149668,Eps,,Car,1,40921,,5405.053537086696,,,
85965,86228,159532,6553,,The Sco,Sargas,17.62198,-42.997824,92.081,6.06,-0.95,1.0,1.86,-2.961,F1II,0.406,-6.654055,-67.016643,-62.796539,0.00000265,-0.00000072,-0.00000101,4.613423665072454,-0.7504535963001288,0.000000029379709,-0.000000004605729,The,,Sco,1,85965,,1331.6803762699813,,,
28288,28360,40183,2088,GJ 3375,34Bet Aur,Menkalinan,5.992149,44.947433,24.8694,-56.41,-0.88,-19.4,1.9,-0.078,A2V,0.077,0.036195,17.601288,17.569058,0.00000677,-0.00001398,-0.00001409,1.5687409450202745,0.78448069066935,-0.0000002734833972,-0.00000000426636,Bet,34,Aur,1,28288,,93.58365435835302,Bet,1.967,1.897
82022,82273,150798,6217,,Alp TrA,Atria,16.811077,-69.027715,119.7605,17.85,-32.92,-3.0,1.91,-3.482,K2IIb-IIIa,1.447,-13.127447,-40.804561,-111.826781,0.00001567,0.00001486,-0.00000398,4.401129586218367,-1.2047609005058013,0.000000086539242,-0.000000159600663,Alp,,TrA,1,82022,,2151.7905703397573,,,
31601,31681,47105,2421,,24Gam Gem,Alhena,6.628528,16.399252,33.5121,-2.04,-66.92,-13.0,1.93,-0.696,A0IV,0.001,-5.266162,31.714389,9.461403,0.00000191,-0.0000095,-0.00001418,1.735344593460758,0.28622094417349375,-0.0000000098901991,-0.000000324437315,Gam,24,Gem,1,31601,,165.34840121711517,,,
42794,42913,74956,3485,Gl 321.3A,Del Vel,Alsephina,8.745059,-54.708821,24.6975,28.78,-104.14,2.2,1.93,-0.033,A1V,0.043,-9.394033,10.739813,-20.158771,0.00000325,-0.00000895,-0.00000904,2.289451210882051,-0.9548490567434526,0.0000001395293773,-0.000000504884966,Del,,Vel,1,42794,Gl 321.3,89.78421709097269,Del,1.939,1.929
100425,100751,193924,7790,,Alp Pav,Peacock,20.427459,-56.73509,54.8246,7.71,-86.15,2.0,1.94,-1.755,B2IV,-0.118,17.850262,-24.200974,-45.841245,-0.00000905,0.00001572,-0.00001427,5.347896379067429,-0.9902141215861188,0.0000000373791348,-0.000000417666985,Alp,,Pav,1,100425,,438.5306977749856,,,
11734,11767,8890,424,,1Alp UMi,Polaris,2.52975,89.264109,132.626,44.22,-11.74,-17.0,1.97,-3.643,F7:Ib-IIv SB,0.636,1.3431,1.047629,132.614909,-0.00001171,0.00002692,-0.00001748,0.6622870748653336,1.5579526129751475,0.0000002143846095,-0.000000056917126,Alp,1,UMi,1,11734,,2495.743794831569,Alp,1.993,1.953
30251,30324,44743,2294,,2Bet CMa,Mirzam,6.378329,-17.955918,151.0574,-3.45,-0.47,34.0,1.98,-3.916,B1II/III,-0.24,-14.209731,142.995999,-46.568852,-0.00000075,0.00003306,-0.00001105,1.6698426956468702,-0.31338988393796,-0.000000016726072,-0.000000002278624,Bet,2,CMa,1,30251,,3209.223768048436,Bet,1.999,1.969
46259,46390,81797,3748,,30Alp Hya,Alphard,9.45979,-8.658603,55.2792,-14.49,33.25,-4.0,1.99,-1.723,K3III,1.44,-43.003468,33.722848,-8.322089,0.00000452,0.00000139,0.00000942,2.4765671803168545,-0.151121122495205,-0.0000000702495023,0.000000161200548,Alp,30,Hya,1,46259,,425.7944535825967,,,
9861,9884,12929,617,Gl 84.3,13Alp Ari,Hamal,2.119555,23.462423,20.1776,190.73,-145.77,-14.4,2.01,0.486,K2III,1.151,15.731986,9.751722,8.03361,-0.00001649,0.00001173,-0.00001894,0.554898130994913,0.4094965332621075,0.0000009246851329,-0.000000706712902,Alp,13,Ari,1,9861,,55.6672798150948,,,
50440,50583,89484,4057,,41Gam1Leo,Algieba,10.332873,19.841489,39.8883,310.77,-152.88,-37.0,2.01,-0.994,K0III,1.128,-34.002797,15.860719,13.53874,-0.00000224,-0.00006526,-0.00004065,2.7051398372354067,0.34629930564740247,0.0000015066554751,-0.000000741183154,Gam-1,41,Leo,1,50440,,217.57049509257934,,,
3413,3419,4128,188,Gl 31,16Bet Cet,Diphda,0.72649,-17.986605,29.5334,232.79,32.71,13.3,2.04,-0.312,K0III,1.019,27.583638,5.310463,-9.119792,0.00000782,0.00003545,0.00000025,0.19019464223046095,-0.31392547040265245,0.000001128597767,0.000000158582554,Bet,16,Cet,1,3413,,116.09138701261821,,,
92564,92855,175191,7121,,34Sig Sgr,Nunki,18.92109,-26.296722,69.8324,13.87,-52.65,-11.0,2.05,-2.17,B2.5V,-0.134,14.950858,-60.794062,-30.937099,0.00000027,0.00001858,-0.000011,4.953529829382003,-0.4589643844760175,0.0000000672436575,-0.000000255254402,Sig,34,Sgr,1,92564,,642.6877173170194,,,
68714,68933,123139,5288,Gl 539,5The Cen,Menkent,14.111395,-36.369954,18.0343,-519.29,-517.87,1.3,2.06,0.78,K0IIIb,1.011,-12.358808,-7.624204,-10.694288,-0.0000019,0.00005217,-0.00003724,3.6943545480965847,-0.6347754526653112,-0.0000025175889618,-0.000002510704607,The,5,Cen,1,68714,,42.46195639463128,,,
676,677,358,15,,21Alp And,Alpheratz,0.139791,29.090432,29.7442,135.68,-162.95,-12.0,2.07,-0.297,B9p,-0.038,25.974572,0.951042,14.461264,-0.00000002,0.00001958,-0.0000265,0.03659716270801555,0.5077238184659449,0.0000006577952018,-0.000000790003892,Alp,21,And,1,676,,114.49855346901883,Alp,2.083,2.063
5436,5447,6860,337,Gl 53.3,43Bet And,Mirach,1.162194,35.620558,60.5327,175.59,-112.23,-0.8,2.07,-1.84,M0IIIvar,1.576,46.946371,14.741814,35.255129,0.00000223,0.00005471,-0.00002725,0.30426179273798976,0.6216960120690613,0.0000008512843417,-0.000000544106393,Bet,43,And,1,5436,,474.2419852602448,,,
27298,27366,38771,2004,,53Kap Ori,Saiph,5.795941,-9.669605,198.4127,1.55,-1.2,21.0,2.07,-4.418,B0.5Iavar,-0.168,10.444137,195.314937,-33.326707,-0.00000037,0.00002103,-0.00000475,1.5173738927528553,-0.168766439905435,0.000000007514612,-0.000000005817764,Kap,53,Ori,1,27298,,5095.654806081146,,,
72380,72607,131873,5563,,7Bet UMi,Kochab,14.845105,74.155505,40.1445,-32.29,11.91,17.0,2.07,-0.948,K4IIIvar,1.465,-8.058164,-7.429707,38.619407,-0.00000611,0.00000291,0.00001736,3.8864392902195473,1.2942577172364538,-0.0000001565463375,0.000000057741309,Bet,7,UMi,1,72380,,208.54510476931685,,,
111768,112122,214952,8636,,Bet Gru,Tiaki,22.711115,-46.884577,54.2594,135.68,-4.51,2.0,2.07,-1.602,M5III,1.61,34.993484,-12.277259,-39.608199,0.00001232,0.0000335,-0.0000023,5.945755997708016,-0.8182902343195899,0.0000006577952018,-0.000000021865096,Bet,,Gru,1,111768,,380.89037649813514,,2.191,1.971
85769,86032,159561,6556,Gl 681,55Alp Oph,Rasalhague,17.582241,12.560035,14.8965,110.08,-222.61,12.6,2.08,1.215,A5III,0.155,-1.587067,-14.453242,3.239454,0.00000615,-0.00001685,-0.00001289,4.603020022725371,0.2192139606173275,0.0000005336828996,-0.000001079243734,Alp,55,Oph,1,85769,,28.444611074479155,,,
14540,14576,19356,936,,26Bet Per,Algol,3.136148,40.955648,27.571,2.39,-1.44,4.0,2.09,-0.112,B8V,-0.003,14.189428,15.238793,18.072114,0.00000196,0.00000257,0.00000254,0.821041501386661,0.7148108979134763,0.000000011587047,-0.000000006981317,Bet,26,Per,1,14540,,96.56060985415496,Bet,2.213,2.073
9618,9640,12533,603,,57Gam1And,Almach,2.064984,42.329725,120.4819,43.08,-50.85,-12.0,2.1,-3.305,B8V,1.37,76.368059,45.840864,81.131974,-0.00000358,0.0000272,-0.00003022,0.5406116765051688,0.738793066882135,0.0000002088577336,-0.000000246527756,Gam-1,57,And,1,9618,,1828.1002161427427,,,
57459,57632,102647,4534,Gl 448,94Bet Leo,Denebola,11.817663,14.57206,10.9999,-499.02,-113.78,-0.2,2.14,1.933,A3Vvar,0.09,-10.633926,0.508011,2.767546,-0.00000006,0.00002664,-0.00000592,3.093856965974249,0.2543304303162062,-0.0000024193172287,-0.000000551621005,Bet,94,Leo,1,57459,,14.682499678319866,,,
4417,4427,5394,264,,27Gam Cas,Cih,0.945143,60.71674,168.3502,25.65,-3.82,-7.0,2.15,-3.981,B0IV:evar,-0.046,79.836717,20.168018,146.837047,-0.00000589,0.0000201,-0.00000777,0.2474379511037043,1.0597070289510324,0.0000001243547091,-0.000000018519882,Gam,27,Cas,1,4417,,3407.218616593573,Gam,2.173,2.133
61739,61932,110304,4819,,Gam Cen,,12.691971,-48.959888,39.9042,-187.28,-1.2,-6.0,2.2,-0.805,A1IV,-0.023,-25.771821,-4.720403,-30.097707,-0.00000239,0.00003639,0.00000448,3.3227502423582167,-0.854511252905435,-0.0000009079590609,-0.000000005817764,Gam,,Cen,1,61739,,182.81002161427426,,,
39318,39429,66811,3165,,Zet Pup,Naos,8.059737,-40.003148,332.2259,-30.82,16.77,-24.0,2.21,-5.397,O5IAf,-0.269,-130.674899,218.376203,-213.564535,0.00004333,0.00002425,0.00003647,2.110034132578707,-0.6981866375965275,-0.0000001494195763,0.000000081303254,Zet,,Pup,1,39318,,12554.51673687138,Zet,2.224,2.194
45425,45556,80404,3699,,Iot Car,Aspidiske,9.284838,-59.275229,234.7418,-19.03,13.11,13.0,2.21,-4.643,A8Ib,0.189,-90.887872,78.251756,-201.791538,-0.00000074,0.00002921,-0.00000381,2.43076493672462,-1.0345479138581113,-0.0000000922600434,0.000000063559073,Iot,,Car,1,45425,,6269.024974761646,,,
76035,76267,139006,5793,,5Alp CrB,Alphecca,15.578128,26.714693,23.0097,120.38,-89.44,2.0,2.22,0.41,A0V,0.032,-12.176093,-16.558746,10.343974,0.00000708,-0.00001304,-0.00000799,4.0783442886637005,0.46625935084814374,0.0000005836187087,-0.000000433617355,Alp,5,CrB,1,76035,,59.70352865838366,Alp,2.289,2.209
44689,44816,78647,3634,,Lam Vel,Suhail,9.133268,-43.432589,166.9449,-23.21,14.28,18.0,2.23,-3.883,K4Ib-II,1.665,-88.662596,82.682121,-114.774841,-0.00000278,0.00002827,-0.00000426,2.3910838764040165,-0.7580416852253112,-0.0000001125252553,0.000000069231393,Lam,,Vel,1,44689,,3113.149665447025,Lam,2.272,2.182
65173,65378,116656,5054,GJ 3783A,79Zet UMa,Mizar,13.398747,54.925362,26.3089,121.23,-22.01,-5.6,2.23,0.129,A2V,0.057,-14.115808,-5.413302,21.531272,0.00000646,-0.00001408,-0.0000063,3.507783854721718,0.9586284043094538,0.0000005877396249,-0.000000106707491,Zet,79,UMa,1,65173,GJ 3783,77.33925780489973,,2.336,2.196
100128,100453,194093,7796,,37Gam Cyg,Sadr,20.370473,40.256679,561.7978,2.43,-0.93,-8.0,2.23,-6.518,F8Ib,0.673,249.318228,-348.795593,363.040966,0.0000027,0.0000076,-0.00000722,5.332977255083509,0.7026115975482887,0.0000000117809724,-0.000000004508767,Gam,37,Cyg,1,100128,,35253.318119588555,,,
3172,3179,3712,168,,18Alp Cas,Schedar,0.675116,56.537331,69.979,50.36,-32.17,-4.0,2.24,-1.985,K0II-IIIvar,1.17,37.984817,6.784483,58.379619,0.00000374,0.00001802,-0.00000943,0.17674488133148336,0.9867625763100912,0.0000002441521695,-0.000000155964561,Alp,18,Cas,1,3172,,542.0008904016238,Alp,2.25,2.23
87561,87833,164058,6705,,33Gam Dra,Eltanin,17.943437,51.488895,47.3037,-8.52,-23.05,-28.0,2.24,-1.134,K5III,1.521,-0.436154,-29.451035,37.014357,-0.00000175,0.00001372,-0.0000257,4.697580791571401,0.8986507441914112,-0.0000000413061256,-0.000000111749553,Gam,33,Dra,1,87561,,247.5141318074314,,,
25865,25930,36486,1852,,34Del Ori,Mintaka,5.533445,-0.299092,212.3142,1.67,0.56,16.0,2.25,-4.385,O9.5II,-0.175,25.868117,210.729667,-1.108306,0.00000029,0.00001645,0.00000049,1.4486524168433992,-0.005220140244135,0.0000000080963885,0.000000002714956,Del,34,Ori,1,25865,,4943.106869868354,Del,2.334,2.234
744,746,432,21,Gl 8,11Bet Cas,Caph,0.152887,59.14978,16.7842,523.39,-180.42,11.3,2.28,1.155,F2III-IV,0.38,8.600014,0.344589,14.409503,0.00001681,0.00004329,0.00000239,0.040025852830323276,1.0323584043676326,0.0000025374663227,-0.000000874700842,Bet,11,Cas,1,744,,30.06076302628229,Bet,2.303,2.263
66447,66657,118716,5132,,Eps Cen,,13.664796,-53.466394,131.0616,-14.6,-12.79,3.0,2.29,-3.297,B1III,-0.171,-70.726493,-32.9381,-105.309044,0.00000035,0.00001039,-0.0000073,3.577435118650523,-0.9331646085671038,-0.0000000707827974,-0.000000062007669,Eps,,Cen,1,66447,,1814.6797793969301,Eps,2.301,2.281
78165,78401,143275,5953,,7Del Sco,Dschubba,16.005557,-22.62171,150.6024,-8.67,-36.9,-7.0,2.29,-3.599,B0.2IV,-0.117,-69.332609,-120.492107,-57.928452,0.00000298,0.00001787,-0.00002211,4.190245125208222,-0.39482331934217,-0.0000000420333461,-0.000000178896248,Del,7,Sco,1,78165,,2396.624529408638,Del,2.299,2.279
82144,82396,151680,6241,,26Eps Sco,Larawag,16.83608,-34.293232,19.5351,-611.83,-255.87,-3.0,2.29,0.836,K2IIIb,1.144,-4.842163,-15.39568,-11.006616,-0.00005042,0.00003282,-0.00001829,4.407675434439009,-0.598529803311685,-0.0000029662355417,-0.000001240492764,Eps,26,Sco,1,82144,,40.3273792976113,,,
71634,71860,129056,5469,,Alp Lup,Uridim,14.698823,-47.3882,142.4501,-21.15,-24.22,5.0,2.3,-3.468,B1.5III,-0.154,-73.354913,-62.611867,-104.837277,-0.00000275,0.00001685,-0.00001509,3.848142761791683,-0.8270801174413888,-0.0000001025380934,-0.000000117421873,Alp,,Lup,1,71634,,2124.222477388697,Alp,2.311,2.281
71125,71352,127972,5440,,Eta Cen,,14.591786,-42.157824,93.7207,-35.31,-32.44,0.0,2.33,-2.529,B1Vn + A,-0.157,-54.086167,-43.605833,-62.903,-0.00000237,0.0000187,-0.00001093,3.820120736107532,-0.7357928411436238,-0.0000001711877106,-0.000000157273557,Eta,,Cen,1,71125,,894.5404837788689,Eta,2.378,2.308
53754,53910,95418,4295,GJ 9343,48Bet UMa,Merak,11.030677,56.382427,24.4499,81.66,33.74,-12.0,2.34,0.399,A1V,0.033,-13.103033,3.398358,20.360601,0.00000737,-0.00001191,-0.00000801,2.887824569114951,0.9840589862911813,0.0000003958988515,0.000000163576135,Bet,48,UMa,1,53754,,60.311481961781745,,,
71879,72105,129988,5505,,36Eps Boo,Izar,14.749784,27.074222,62.1118,-50.65,20.0,-23.0,2.35,-1.616,A0,0.966,-41.582771,-36.462926,28.269741,0.00000775,0.00002708,-0.00000534,3.8614843383663695,0.47253432342394,-0.0000002455581292,0.000000096962736,Eps,36,Boo,1,71879,,385.83355990535125,,,
106972,107315,206778,8308,,8Eps Peg,Enif,21.736433,9.875011,211.4165,30.02,1.38,5.0,2.38,-4.246,K2Ibvar,1.52,172.769915,-116.330918,36.25782,0.00002116,0.00002284,0.00000227,5.690584775484336,0.17235145954124498,0.0000001455410669,0.000000006690428,Eps,8,Peg,1,106972,,4349.106072324538,Eps,2.404,2.364
86403,86670,160578,6580,,Kap Sco,,17.708132,-39.029983,148.1481,-6.49,-25.55,-14.0,2.39,-3.463,B1.5III,-0.171,-8.785101,-114.747994,-93.292778,-0.00000292,0.00002297,-0.00000524,4.635978167686431,-0.6812017098615812,-0.0000000314644079,-0.000000123869895,Kap,,Sco,1,86403,,2114.462561652589,Kap,2.404,2.384
2076,2081,2261,99,,Alp Phe,Ankaa,0.438056,-42.305981,25.974,232.76,-353.64,75.0,2.4,0.327,K0III...,1.083,19.083654,2.198282,-17.483284,0.00002323,0.00003218,-0.00008456,0.11468290295782503,-0.7383786688321162,0.0000011284523229,-0.000001714495099,Alp,,Phe,1,2076,,64.44659847416881,,,
57828,58001,103287,4554,,64Gam UMa,Phecda,11.897168,53.69476,25.5037,107.76,11.16,-13.0,2.41,0.377,A0V SB,0.044,-15.094867,0.406425,20.552678,0.00000862,-0.00001356,-0.0000099,3.1146712453081937,0.9371503534205525,0.0000005224352222,0.000000054105206,Gam,64,UMa,1,57828,,61.54602373713163,,,
83755,84012,155125,6378,Gl 656.1A,35Eta Oph,Sabik,17.172968,-15.72491,27.0929,41.16,97.65,-2.4,2.43,0.266,A2.5Va,0.059,-5.602493,-25.470005,-7.342684,0.00000504,-0.00000225,0.00001301,4.495872618056471,-0.27445145757010875,0.0000001995493109,0.000000473420559,Eta,35,Oph,1,83755,Gl 656.1,68.17105263058534,,,
113521,113881,217906,8775,,53Bet Peg,Scheat,23.062901,28.082789,60.0962,187.76,137.61,9.0,2.44,-1.454,M2II-IIIvar,1.655,51.433435,-12.877612,28.290136,0.00000286,0.00005567,0.0000397,6.037853304003958,0.49013713158091876,0.0000009102861666,0.000000667152105,Bet,53,Peg,1,113521,,332.35330357747745,Bet,2.584,2.384
35806,35904,58350,2827,,31Eta CMa,Aludra,7.401584,-29.303104,609.7561,-3.76,6.66,41.0,2.45,-6.476,B5Ia,-0.083,-190.762166,496.337122,-298.432917,-0.0000062,0.00004711,-0.00000336,1.9377301884962992,-0.5114356374748288,-0.0000000182289944,0.000000032288591,Eta,31,CMa,1,35806,,33915.6386905822,Eta,2.509,2.409
104861,105199,203280,8162,Gl 826,5Alp Cep,Alderamin,21.30963,62.585573,15.0376,149.91,48.27,-11.5,2.45,1.564,A7IV-V,0.257,5.276111,-4.483201,13.348778,0.00000057,0.00001386,-0.00000882,5.578848152361649,1.0923243046711761,0.0000007267841885,0.000000234019563,Alp,5,Cep,1,104861,,20.62528697846573,,,
45809,45941,81188,3734,,Kap Vel,Markeb,9.368562,-55.010668,175.4386,-10.72,11.24,22.0,2.47,-3.751,B2IV,-0.141,-77.65777,63.951481,-143.729782,-0.00001021,0.00002022,-0.00001295,2.4526837752447674,-0.9601172781857512,-0.0000000519720266,0.000000054493057,Kap,,Vel,1,45809,,2756.7666102901003,,,
102157,102488,197989,7949,Gl 806.1A,53Eps Cyg,Aljanah,20.770178,33.970256,22.2916,356.16,330.28,-10.9,2.48,0.739,K0III,1.021,12.262597,-13.834612,12.455654,0.00000944,0.00004737,0.00002337,5.43761981873354,0.59289281587296,0.0000017267124047,0.000001601242624,Eps,53,Cyg,1,102157,Gl 806.1,44.09608164506378,,,
113603,113963,218045,8781,,54Alp Peg,Markab,23.079348,15.205264,40.8831,61.1,-42.56,-4.0,2.49,-0.568,B9.5III,-0.002,38.311434,-9.417123,10.722722,0.00000121,0.00001217,-0.00000921,6.042159145935139,0.2653819265538575,0.0000002962211588,-0.000000206336702,Alp,54,Peg,1,113603,,146.96028989796503,,,
14100,14135,18884,911,,92Alp Cet,Menkar,3.037992,4.089734,76.3942,-11.81,-78.76,-26.0,2.54,-1.875,M2III,1.63,53.342561,54.414384,5.448321,-0.00001399,-0.00002052,-0.00003099,0.7953445140056629,0.0713793229065275,-0.0000000572564957,-0.000000381839254,Alp,92,Cet,1,14100,,489.77881936844614,Alp,2.561,2.521
81130,81377,149757,6175,,13Zet Oph,,16.619316,-10.56709,112.2334,13.07,25.44,-15.0,2.54,-2.711,O9.5V,0.038,-39.017319,-103.200447,-20.582092,0.00001109,0.00000922,0.00001642,4.350926751445045,-0.18443051180475,0.000000063365148,0.0000001233366,Zet,13,Oph,1,81130,,1057.791322499501,Zet,2.55,2.52
67786,68002,121263,5231,,Zet Cen,Leepwal,13.925667,-47.288375,117.096,-57.14,-44.75,7.0,2.55,-2.793,B2.5IV,-0.176,-69.545858,-38.36753,-86.039492,-0.00000358,0.00003507,-0.00002249,3.6457311140528006,-0.8253378423485674,-0.0000002770225371,-0.000000216954122,Zet,,Cen,1,67786,,1140.7750129221204,,,
54712,54872,97603,4357,Gl 419,68Del Leo,Zosma,11.235138,20.523717,17.9147,143.31,-130.43,-20.2,2.56,1.294,A4V,0.128,-16.442201,3.337108,6.280742,0.00001259,-0.00001526,-0.00001785,2.941352165381749,0.3582064320032738,0.0000006947864856,-0.000000632342483,Del,68,Leo,1,54712,,26.448436268543603,,,
78580,78820,144217,5984,,8Bet1Sco,Acrab,16.09062,-19.805453,123.9157,-6.75,-24.89,-1.0,2.56,-2.906,B0.5V,-0.065,-55.881427,-102.320756,-41.98604,-0.00000067,0.00000723,-0.00001372,4.21251438265692,-0.34567036986359373,-0.0000000327249234,-0.000000120670125,Bet-1,8,Sco,1,78580,,1265.9017493002452,,,
25920,25985,36673,1865,,11Alp Lep,Arneb,5.545504,-17.822289,680.2721,3.27,1.54,24.0,2.58,-6.583,F0Ib,0.211,76.877195,643.047236,-208.208,-0.00000775,0.00002603,-0.00000268,1.4518096517173142,-0.3110576146713625,0.0000000158534074,0.00000000746613,Alp,11,Lep,1,25920,,37428.29122408052,,,
59016,59196,105435,4621,,Del Cen,,12.13931,-50.722425,127.2265,-47.53,-6.42,11.0,2.58,-2.943,B2IVne,-0.128,-80.490795,-2.936809,-98.48459,-0.00000512,0.00002915,-0.00001122,3.178063913720504,-0.8852733293440825,-0.0000002304319424,-0.000000031125038,Del,,Cen,1,59016,,1309.784962399686,Del,2.626,2.496
59621,59803,106625,4662,,4Gam Crv,Gienah,12.263437,-17.541929,47.1032,-159.58,22.31,-4.0,2.58,-0.785,B8III,-0.107,-44.805937,-3.095058,-14.197066,-0.00000015,0.00003652,0.00000609,3.2105604074253753,-0.306164425583095,-0.0000007736656714,0.000000108161932,Gam,4,Crv,1,59621,,179.47336268325265,,,
93213,93506,176687,7194,,38Zet Sgr,Ascella,19.043532,-29.880105,27.0416,-14.1,3.66,22.0,2.6,0.44,A3IV,0.062,6.326274,-22.577554,-13.471863,0.00000355,-0.00001951,-0.00001079,4.985585011861122,-0.521506218738425,-0.000000068358729,0.00000001774418,Zet,38,Sgr,1,93213,,58.07644175213118,,,
74556,74785,135742,5685,,27Bet Lib,Zubeneschamali,15.283449,-9.382917,56.7537,-96.39,-20.76,-35.0,2.61,-1.16,B8V,-0.071,-36.549398,-42.420251,-9.252607,0.00000357,0.00004477,0.0000002,4.001197527020817,-0.16376280166405,-0.0000004673119067,-0.00000010064732,Bet,27,Lib,1,74556,,253.51286304979072,,,
76835,77070,140573,5854,Gl 596.2,24Alp Ser,Unukalhai,15.737798,6.425627,22.6757,134.66,44.14,2.7,2.63,0.852,K2III,1.167,-12.5786,-18.695648,2.537718,0.00001105,-0.00001009,0.00000513,4.120145986438394,0.11214834647163249,0.0000006528501022,0.000000213996758,Alp,24,Ser,1,76835,,39.73745050614631,,,
8884,8903,11636,553,Gl 80,6Bet Ari,Sheratan,1.910668,20.808035,17.9856,96.32,-108.8,-4.0,2.64,1.365,A5V...,0.165,14.752622,8.063457,6.389157,-0.00000443,0.00000715,-0.00001032,0.5002117420096996,0.363168721573765,0.0000004669725371,-0.000000527477284,Bet,6,Ari,1,8884,,24.774220576332848,,,
26569,26634,37795,1956,,Alp Col,Phact,5.660817,-34.074108,80.1282,-0.1,-24.05,35.0,2.65,-1.869,B7IV,-0.12,5.885917,66.110037,-44.89318,0.0000022,0.00002432,-0.00002779,1.4819983267578802,-0.5947053712297875,-0.0000000004848137,-0.00000011659769,Alp,,Col,1,26569,,487.07966649253666,,,
28309,28380,40312,2095,,37The Aur,Mahasim,5.995351,37.212585,50.7614,42.09,-73.61,30.0,2.65,-0.878,A0p Si,-0.083,0.049188,40.426416,30.69934,-0.00001031,0.0000354,0.00000413,1.5695791535081838,0.6494821333756875,0.0000002040580781,-0.00000035687135,The,37,Aur,1,28309,,195.52396696208865,The,2.66,2.63
61166,61359,109379,4786,,9Bet Crv,Kraz,12.573121,-23.396759,44.6628,0.86,-56.0,-8.0,2.65,-0.6,G5II,0.893,-40.529889,-6.127261,-17.73539,0.00001221,0.00000166,-0.00000788,3.2916353004822296,-0.40835048058703377,0.0000000041693977,-0.000000271495661,Bet,9,Crv,1,61166,,151.3561248436207,,,
6672,6686,8538,403,,37Del Cas,Ruchbah,1.430216,60.235283,30.4785,297.24,-49.49,7.0,2.66,0.24,A5Vv SB,0.16,14.082378,5.53413,26.457567,-0.00000685,0.0000445,0.00000258,0.37442958727661074,1.0513040155749624,0.0000014410601841,-0.00000023993429,Del,37,Cas,1,6672,,69.82324040771711,Del,2.666,2.656
67711,67927,121370,5235,Gl 534,8Eta Boo,Muphrid,13.911411,18.397717,11.396,-60.95,-358.1,1.0,2.68,2.396,G0IV,0.58,-9.487671,-5.188142,3.596709,-0.00000795,-0.00000051,-0.00001845,3.64199895242804,0.3211007359693375,-0.0000002954939383,-0.00000173611779,Eta,8,Boo,1,67711,,9.585173976856456,,,
73046,73273,132058,5571,,Bet Lup,,14.975537,-43.13396,117.3709,-34.06,-38.3,-0.8,2.68,-2.668,B2III,-0.184,-60.951955,-60.176134,-80.247234,-0.00000259,0.00002468,-0.00001534,3.9205864841340285,-0.7528296217318413,-0.0000001651275396,-0.000000185683639,Bet,,Lup,1,73046,,1016.716800466376,,,
22961,23015,31398,1577,,3Iot Aur,Hassaleh,4.949894,33.16609,151.2859,3.63,-18.54,18.0,2.69,-3.209,K3IIvar,1.49,34.378539,121.884168,82.763748,0.00000364,0.00002271,-0.00000131,1.2958792109889454,0.57885747451101,0.0000000175987366,-0.000000089884456,Iot,3,Aur,1,22961,,1673.4009068393123,,,
52575,52727,93497,4216,,Mu  Vel,,10.779488,-49.420255,35.9195,62.55,-53.57,6.0,2.69,-0.087,G5III SB,0.901,-22.183186,7.339648,-27.280949,-0.00000048,-0.00001131,-0.00001073,2.8220634854458755,-0.86254617150352,0.0000003032509572,-0.000000259714688,Mu,,Vel,1,52575,,94.36262202767266,,,
61392,61585,109668,4798,,Alp Mus,,12.619739,-69.135564,96.7118,-39.87,-12.44,13.0,2.69,-2.237,B2IV-V,-0.176,-33.992375,-5.563974,-90.370102,-0.00000231,0.00001856,-0.0000145,3.3038399426668734,-1.2066432167196837,-0.0000001932952144,-0.000000060310821,Alp,,Mus,1,61392,,683.5967668381046,Alp,2.7,2.69
85436,85696,158408,6508,,34Ups Sco,Lesath,17.512732,-37.295811,176.6784,-4.19,-29.14,8.0,2.7,-3.536,B2IV,-0.179,-17.880984,-139.40881,-107.054828,-0.00000246,0.000009,-0.00002481,4.584822594255185,-0.6509346981536775,-0.0000000203136932,-0.000000141274706,Ups,34,Sco,1,85436,,2261.5177461083626,,,
35169,35264,56855,2773,,Pi  Pup,,7.285711,-37.09747,247.5248,-10.57,7.0,16.0,2.71,-4.258,K3Ib,1.616,-65.206299,186.349551,-149.300305,0.00000599,0.00002129,-0.00000317,1.9073945586079473,-0.6474729920516262,-0.000000051244806,0.000000033936957,Pi,,Pup,1,35169,,4397.440784473689,Pi,2.741,2.681
89653,89931,168454,6859,,19Del Sgr,Kaus Media,18.3499,-29.828103,106.6098,29.96,-26.38,-20.0,2.72,-2.419,K3III,1.38,8.460232,-92.098382,-53.027575,0.00001318,0.00002584,-0.00000165,4.803992512939064,-0.5205986100711699,0.0000001452501787,-0.000000127893848,Del,19,Sgr,1,89653,,808.3510373900685,,,
96970,97278,186791,7525,,50Gam Aql,Tarazed,19.770994,10.613261,121.0654,15.72,-3.08,-2.0,2.72,-2.695,K3II,1.507,53.215608,-106.431852,22.297682,0.0000075,0.00000563,-0.00000215,5.1760341858612176,0.18523635134271627,0.0000000762127106,-0.000000014932261,Gam,50,Aql,1,96970,,1042.3174293933046,,,
79352,79593,146051,6056,,1Del Oph,Yed Prior,16.239094,-3.694323,52.4659,-45.83,-142.91,-20.0,2.73,-0.869,M1III,1.584,-23.290749,-46.890988,-3.380547,-0.00000032,0.00002556,-0.00003495,4.251384941836539,-0.06447809841326249,-0.0000002221901098,-0.00000069284723,Del,1,Oph,1,79352,,193.9099078614849,,,
80089,80331,148387,6132,Gl 624.1A,14Eta Dra,Athebyne,16.39986,61.514213,28.2326,-16.98,56.68,-13.7,2.73,0.476,G8III,0.91,-5.477258,-12.300885,24.814526,0.00000337,0.00001328,-0.00000862,4.2934733706880746,1.0736255544334474,-0.000000082321363,0.000000274792394,Eta,14,Dra,1,80089,Gl 624.1,56.182362813422785,,,
52268,52419,93030,4199,,The Car,,10.715949,-64.39445,139.6648,-18.87,12.06,24.0,2.74,-2.985,B0Vp,-0.22,-56.980945,19.910719,-125.948607,-0.00001275,0.00001799,-0.00001861,2.805428832512012,-1.1238951714003713,-0.0000000914843415,0.000000058468529,The,,Car,1,52268,,1361.4446824659497,,,
61748,61941,110379,4825,Gl 482A,29Gam Vir,Porrima,12.694345,-1.449375,11.685,-616.66,60.66,-19.9,2.74,2.402,F0V+...,0.368,-11.488622,-2.111702,-0.295552,0.00001361,0.00003802,0.00000395,3.3233717735446278,-0.0252963627301925,-0.0000029896520425,0.000000294087978,Gam,29,Vir,1,61748,Gl 482,9.532350439205146,,,
26176,26241,37043,1899,,44Iot Ori,Hatysa,5.590551,-5.909901,714.2857,2.27,-0.62,22.0,2.75,-6.519,O9III,-0.21,76.014147,706.411475,-73.54604,-0.00000544,0.00002287,-0.00000445,1.4636027422961173,-0.10314723630113501,0.0000000110052705,-0.000000003005844,Iot,44,Ori,1,26176,,35285.8025828527,,,
64904,65109,115892,5028,Gl 508.1,Iot Cen,Kulou,13.343296,-36.712295,18.0213,-340.76,-87.98,0.1,2.75,1.471,A2V,0.068,-13.562569,-4.976416,-10.773082,-0.00000602,0.0000295,-0.00000622,3.4932668045528934,-0.640750421216915,-0.0000016520510979,-0.000000426539076,Iot,,Cen,1,64904,,22.469841036401558,,,
72396,72622,130841,5531,Gl 564.1,9Alp2Lib,Zubenelgenubi,14.847977,-16.041778,23.2396,-105.69,-69.0,-46.7,2.75,0.919,A3IV,0.147,-16.408581,-15.151818,-6.421874,0.00002722,0.00004135,0.00000573,3.887191169503684,-0.27998184606259124,-0.000000512399579,-0.000000334521439,Alp-2,9,Lib,1,72396,,37.35940922587999,,,
86475,86742,161096,6603,,60Bet Oph,Cebalrai,17.724543,4.567303,25.0941,-40.67,158.8,-12.0,2.76,0.762,K2III,1.168,-1.802333,-24.949291,1.998237,-0.00000394,0.00001409,0.00001828,4.640274382729916,0.079714471486085,-0.0000001971737239,0.000000769884124,Bet,60,Oph,1,86475,,43.171784447092264,,,
23820,23875,33111,1666,GJ 9175,67Bet Eri,Cursa,5.130829,-5.086446,27.3973,-83.39,-75.44,-9.2,2.78,0.591,A3IIIvar,0.161,6.156194,26.585876,-2.429001,0.00000848,-0.00001249,-0.00000915,1.3432479534963782,-0.0887752322551,-0.0000004042861282,-0.00000036574344,Bet,67,Eri,1,23820,,50.53589947531675,,,
80571,80816,148856,6148,,27Bet Her,Kornephoros,16.503668,21.489613,42.6621,-98.43,-14.49,-26.0,2.78,-0.37,G8III,0.947,-15.155861,-36.689058,15.62843,-0.00000979,0.00002963,-0.00001253,4.320650131481575,0.3750645053168575,-0.0000004772021058,-0.000000070249502,Bet,27,Her,1,80571,,122.4616199265049,,,
84086,84345,156014,6406,,64Alp1Her,Rasalgethi,17.244127,14.390333,110.2536,-6.71,32.78,-33.0,2.78,-2.432,M5IIvar,1.164,-20.995512,-104.709944,27.400863,0.00000377,0.00003703,0.00000858,4.514501981353768,0.251158687566835,-0.000000032530998,0.000000158921924,Alp-1,64,Her,1,84086,,818.0879579457477,Alp,2.967,2.567
59565,59747,106490,4656,,Del Cru,Imai,12.252427,-58.748928,105.8201,-36.68,-10.72,22.0,2.79,-2.333,B2IV,-0.193,-54.778605,-3.62525,-90.466,-0.0000082,0.00001831,-0.00002209,3.207677761990492,-1.0253622207552275,-0.000000177829658,-0.000000051972026,Del,,Cru,1,59565,,746.7925899308835,Del,2.794,2.784
85410,85670,159181,6536,,23Bet Dra,Rastaban,17.507213,52.301387,116.5501,-15.59,11.57,-20.0,2.79,-2.543,G2II,0.954,-9.169333,-70.678899,92.218765,-0.00000646,0.00001867,-0.00001219,4.583377711653538,0.9128314068132425,-0.0000000755824528,0.000000056092942,Bet,23,Dra,1,85410,,906.149802231998,,,
76065,76297,138690,5776,,Gam Lup,,15.585681,-41.166757,129.0323,-16.05,-25.52,2.0,2.8,-2.753,B2IV,-0.216,-57.388809,-78.369378,-84.935884,-0.0000028,0.00001317,-0.00001336,4.080321694139787,-0.7184954505889463,-0.0000000778125957,-0.000000123724451,Gam,,Lup,1,76065,,1099.5120668793497,,,
25542,25606,36079,1829,,9Bet Lep,Nihal,5.470756,-20.759441,49.1642,-5.03,-85.92,-14.0,2.81,-0.648,G5II,0.807,6.349344,45.531613,-17.425966,-0.00000166,-0.00002061,-0.00001407,1.4322406986213787,-0.3623205948292475,-0.0000000243861281,-0.000000416551914,Bet,9,Lep,1,25542,,158.1976398601154,,,
81444,81693,150680,6212,Gl 635A,40Zet Her,,16.688113,31.602726,10.7158,-462.58,345.05,-70.4,2.81,2.66,F9IV,0.65,-3.073152,-8.593139,5.615032,0.00000118,0.00007468,-0.00002246,4.368937793802669,0.5515716134340349,-0.0000022426511235,0.000001672849604,Zet,40,Her,1,81444,Gl 635,7.516228940182053,,,
2016,2021,2151,98,Gl 19,Bet Hyi,,0.427916,-77.254247,7.4588,2220.12,324.37,22.9,2.82,3.457,G2IV,0.618,1.635267,0.184517,-7.275205,0.00000754,0.00008163,-0.00002026,0.11202811014799156,-1.3483409638363189,0.0000107634454847,0.000001572590135,Bet,,Hyi,1,2016,,3.6074473386419155,,,
81020,81266,149438,6165,,23Tau Sco,Paikauhale,16.598043,-28.216016,145.3488,-8.59,-22.5,2.0,2.82,-2.992,B0V,-0.206,-45.960032,-119.546841,-68.7205,-0.00000361,0.00000749,-0.00001494,4.3453574616019175,-0.49246238447693247,-0.0000000416454952,-0.000000109083078,Tau,23,Sco,1,81020,,1370.2505971242451,,,
90217,90496,169916,6913,Gl 713.1,22Lam Sgr,Kaus Borealis,18.466179,-25.4217,23.9693,-44.81,-186.29,-43.2,2.82,0.922,K1IIIb,1.025,2.635486,-21.487046,-10.289309,-0.00001116,0.0000482,-0.00000058,4.83443427510616,-0.4436923676447937,-0.0000002172450103,-0.000000903159405,Lam,22,Sgr,1,90217,,37.25632384666037,,,
1065,1067,886,39,,88Gam Peg,Algenib,0.220598,15.183596,120.048,4.7,-8.24,4.0,2.83,-2.567,B2IV,-0.19,115.664183,6.687324,31.442127,0.00000504,0.00000303,-0.00000356,0.05775241337962613,0.2650037404493388,0.000000022786243,-0.000000039948647,Gam,88,Peg,1,1065,,926.4031007363994,Gam,2.846,2.816
39644,39757,67523,3185,,15Rho Pup,Tureis,8.125737,-24.304324,19.4818,-83.29,46.38,46.0,2.83,1.382,F2mF5IIp,0.458,-9.379037,15.076242,-8.018549,-0.00001692,0.00004209,-0.00001537,2.127312993738498,-0.4241904755048812,-0.0000004038013145,0.000000224856585,Rho,15,Pup,1,39644,,24.389337302789126,Rho,2.875,2.775
77716,77952,141891,5897,Gl 601A,Bet TrA,,15.919083,-63.430727,12.3778,-188.45,-401.92,0.4,2.83,2.367,F2III,0.315,-2.869157,-4.734869,-11.070637,0.00000141,0.00002415,-0.00001115,4.167606126725416,-1.10707502492751,-0.000000913631381,-0.000001948563144,Bet,,TrA,1,77716,Gl 601,9.844643639803781,,,
18201,18246,24398,1203,,44Zet Per,,3.9022,31.883635,230.4147,4.41,-9.15,20.0,2.84,-3.973,B1Ib,0.271,102.130978,166.878316,121.704179,0.00000768,0.00002199,0.00000213,1.021593644077479,0.5564744158460538,0.0000000213802833,-0.000000044360451,Zet,44,Per,1,18201,,3382.2055666965434,,,
84999,85258,157244,6461,,Bet Ara,,17.421665,-55.529884,198.0198,-8.23,-24.71,-0.4,2.84,-3.644,K3Ib-II,1.479,-16.904234,-110.792345,-163.251778,-0.00000483,0.00002075,-0.00001309,4.560981106873549,-0.969179308227775,-0.0000000399001659,-0.00000011979746,Bet,,Ara,1,84999,,2498.04351871415,,,
85530,85792,158427,6510,,Alp Ara,,17.530695,-49.876145,81.9672,-31.27,-67.15,0.0,2.84,-1.728,B2Vne,-0.136,-6.473763,-52.424912,-62.676478,-0.00000983,0.00002177,-0.0000172,4.589525310489168,-0.8705029435833775,-0.0000001516012379,-0.000000325552386,Alp,,Ara,1,85530,,427.7598314820376,Alp,2.874,2.794
17661,17702,23630,1165,,25Eta Tau,Alcyone,3.79141,24.105137,123.6094,19.35,-43.11,10.0,2.85,-2.61,B7III,-0.086,61.664507,94.489136,50.483636,0.00000116,0.00002299,-0.0000194,0.9925887748501628,0.42071400922220126,0.0000000938114472,-0.000000209003177,Eta,25,Tau,1,17661,,963.8290236239706,,,
63405,63608,113226,4932,,47Eps Vir,Vindemiatrix,13.036278,10.95915,33.6022,-275.05,19.96,-14.0,2.85,0.218,G8IIIvar,0.934,-31.782664,-8.840495,6.38806,0.00000213,0.0000471,0.00000047,3.4128895430497517,0.1912732567270875,-0.0000013334800284,0.00000009676881,Eps,47,Vir,1,63405,,71.25248247522671,,,
107213,107556,207098,8322,Gl 837,49Del Cap,Deneb Algedi,21.784011,-16.127286,11.8666,263.26,-296.23,-6.3,2.85,2.478,A5mF2 (IV),0.18,9.534405,-6.248606,-3.296196,-0.00000083,0.00001865,-0.00001458,5.703040680804334,-0.28147423843119374,0.0000012763204954,-0.000001436163565,Del,49,Cap,1,107213,,8.8879171988482,Del,2.93,2.82
118485,,60178,2890,Gl 278B,66Alp Gem,Castor B,7.576827,31.89052,15.8053,-162.69,-98.14,-1.2,2.85,1.856,A m,,-5.383676,12.292323,8.349873,0.00001024,0.00000769,-0.00000703,1.9836087168311551,0.5565945679503,-0.0000007887433769,-0.000000475800994,Alp,66,Gem,2,36744,Gl 278,15.761589049638374,,,
9217,9236,12311,591,Gl 83,Alp Hyi,,1.979451,-61.569859,22.0119,262.54,26.88,15.2,2.86,1.147,F0V,0.29,9.103629,5.191033,-19.357346,-0.00000526,0.00002925,-0.00001231,0.5182191582610731,-1.0745967597182264,0.0000012728298369,0.000000130317917,Alp,,Hyi,1,9217,,30.283076942657782,,,
96858,97165,186882,7528,,18Del Cyg,Fawaris,19.749574,45.13081,50.5817,43.22,48.44,-20.0,2.86,-0.66,B9.5III,-0.002,15.779435,-32.006459,35.8481,-0.0000006,0.00002518,-0.00000612,5.170426442444136,0.7876812218827774,0.0000002095364727,0.000000234843746,Del,18,Cyg,1,96858,,159.95580286146696,,,
30270,30343,44478,2286,,13Mu  Gem,Tejat,6.382673,22.513586,71.0227,56.84,-108.79,55.0,2.87,-1.387,M3IIIvar,1.621,-6.562116,65.281443,27.194957,-0.0000261,0.00006402,-0.00001306,1.6709799892208403,0.3929361989979738,0.000000275568096,-0.000000527428803,Mu,13,Gem,1,30270,,312.46400858061116,Mu,2.946,2.826
74717,74946,135382,5671,,Gam TrA,,15.315181,-68.679545,56.3698,-66.48,-32.0,-3.0,2.87,-0.885,A1V,0.014,-13.248562,-15.637336,-52.51191,-0.00000787,0.00001881,-0.00000032,4.00950488883882,-1.1986841874782987,-0.0000003223041348,-0.000000155140377,Gam,,TrA,1,74717,,196.7886289706845,,,
109784,110130,211416,8502,,Alp Tuc,Lang-Exster,22.308371,-60.259587,61.237,-71.48,-38.15,42.0,2.87,-1.065,K3III,1.39,27.447381,-13.018072,-53.171301,0.00000127,-0.00002409,-0.00004291,5.840317928732834,-1.0517282073686662,-0.0000003465448189,-0.000000184956419,Alp,,Tuc,1,109784,,232.2736796357105,,,
13813,13847,18622,897,,The1Eri,Acamar,2.971023,-40.304672,49.4315,-53.53,25.71,12.0,2.88,-0.59,A4III+...,0.128,26.85749,26.453029,-31.974932,0.00001851,0.00000023,-0.00000324,0.777812118193322,-0.7034492363510262,-0.0000002595207632,0.000000124645597,The-1,,Eri,1,13813,,149.96848355023724,,,
93846,94141,178524,7264,,41Pi  Sgr,Albaldah,19.162731,-21.023615,156.25,-1.17,-36.83,-10.0,2.88,-3.089,F2II/III,0.377,43.714239,-139.143552,-56.055078,-0.00000671,0.00001839,-0.00002237,5.016791345367199,-0.3669312993726825,-0.0000000056723201,-0.000000178556878,Pi,41,Sgr,1,93846,,1498.3042106226599,,,
36087,36188,58715,2845,,3Bet CMi,Gomeisa,7.452512,8.289315,49.5786,-50.28,-38.45,22.0,2.89,-0.586,B8Vvar,-0.097,-18.209817,45.556204,7.147858,0.00000246,0.0000264,-0.0000059,1.9510630590622124,0.144675846904975,-0.0000002437643186,-0.00000018641086,Bet,3,CMi,1,36087,,149.41699574067007,Bet,2.896,2.876
62925,63125,112413,4915,,12Alp2CVn,Cor Caroli,12.933807,38.31838,35.1989,-233.43,54.98,-3.0,2.89,0.157,A0spe...,-0.115,-26.795114,-6.684223,21.824384,-0.00000166,0.00004064,0.00000546,3.386062717619973,0.6687818903174088,-0.0000011317005745,0.000000266550561,Alp-2,12,CVn,1,62925,,75.37025766884257,Alp-2,2.943,2.863
78029,78265,143018,5944,,6Pi  Sco,Fang,15.980865,-26.114105,179.5332,-12.0,-25.71,-3.0,2.89,-3.381,B1V + B2V,-0.18,-81.301517,-139.203202,-79.023364,-0.00000266,0.00001615,-0.00001874,4.183780643945635,-0.4557771176489737,-0.0000000581776417,-0.000000124645597,Pi,6,Sco,1,78029,,1960.6496672266012,Pi,2.913,2.873
18485,18532,24760,1220,,45Eps Per,,3.96423,40.010215,195.6947,12.61,-24.06,1.0,2.9,-3.558,B0.5V,-0.199,76.156467,129.09969,125.816858,-0.00000245,0.00001939,-0.00001682,1.0378330199312948,0.6983099793460038,0.0000000611350051,-0.000000116646171,Eps,45,Per,1,18485,,2307.809729698403,Eps,2.916,2.886
79870,80112,147165,6084,,20Sig Sco,Alniyat,16.353143,-25.592796,213.6752,-10.03,-18.03,3.0,2.9,-3.749,B1III,0.299,-80.536239,-175.075401,-92.301792,-0.00000722,0.00000916,-0.00001817,4.281242955515394,-0.4466785608541775,-0.0000000486268122,-0.000000087411906,Sig,20,Sco,1,79870,,2751.693132808793,Sig,2.928,2.868
105936,106278,204867,8232,,22Bet Aqr,Sadalsuud,21.525982,-5.571172,164.7446,22.79,-6.7,7.0,2.9,-3.184,G0Ib,0.828,130.759282,-98.929336,-15.993766,0.00001625,0.00001053,-0.00000602,5.635488811779081,-0.097235298222015,0.0000001104890378,-0.000000032482516,Bet,22,Aqr,1,105936,,1635.3096517445822,,,
14292,14328,18925,915,,23Gam Per,,3.079942,53.50644,74.5712,0.5,-4.19,3.0,2.91,-1.453,G8III+...,0.716,30.696986,32.009546,59.949578,0.00000198,0.00000232,0.00000157,0.8063268792105985,0.9338635492551862,0.0000000024240684,-0.000000020313693,Gam,23,Per,1,14292,,332.04733579750683,Gam,2.922,2.902
47866,48002,85123,3890,,Ups Car,,9.785036,-65.072007,440.5286,-11.55,4.97,14.0,2.92,-5.3,A9,0.273,-155.321542,101.734428,-399.488275,0.00000041,0.00002921,-0.00000851,2.561716522035174,-1.1357207681666588,-0.0000000559959801,0.000000024095239,Ups,,Car,1,47866,,11481.536214968817,,,
111804,112158,215182,8650,,44Eta Peg,Matar,22.716704,30.221245,65.703,13.11,-26.11,4.0,2.93,-1.158,G2II-III..,0.852,53.59916,-18.717064,33.070991,0.00000867,0.0000014,-0.00000513,5.947219325141893,0.5274602313825538,0.0000000635590735,-0.000000126584851,Eta,44,Peg,1,111804,,253.04630494613966,,,
32682,32768,50310,2553,,Tau Pup,,6.832266,-50.61456,55.8036,34.23,-65.85,36.0,2.94,-0.793,K0III...,1.207,-7.654383,34.572281,-43.130564,-0.00001111,0.00000737,-0.00003976,1.788682995077575,-0.88339071643582,0.0000001659517229,-0.000000319249808,Tau,,Pup,1,32682,,180.80065521100082,,,
60776,60965,108767,4757,,7Del Crv,Algorab,12.497739,-16.515432,26.6312,-209.97,-139.3,9.0,2.94,0.813,B9.5V,-0.012,-25.316094,-3.317674,-7.57057,-0.0000072,0.00002639,-0.00001986,3.2719004348212555,-0.28824867427274875,-0.0000010179632851,-0.000000675345457,Del,7,Crv,1,60776,,41.19077848677376,,,
108728,109074,209750,8414,,34Alp Aqr,Sadalmelik,22.096399,-0.319851,160.5136,17.9,-9.93,8.0,2.95,-3.078,G2Ib,0.969,140.987693,-76.722268,-0.896054,0.00001381,0.00000834,-0.00000777,5.784823674339427,-0.0055824472424825,0.0000000867816488,-0.000000048141998,Alp,34,Aqr,1,108728,,1483.2009671818741,,,
18497,18543,25025,1231,,34Gam Eri,Zaurak,3.967157,-13.508515,62.3441,60.51,-111.34,62.0,2.97,-1.004,M1IIIb Ca-1,1.588,30.760217,52.235828,-14.56308,0.00001154,0.00005563,-0.00004753,1.0385992839066334,-0.23576806917607127,0.0000002933607581,-0.000000539791551,Gam,34,Eri,1,18497,,219.5836500973188,Gam,3.0,2.95
26386,26451,37202,1910,,123Zet Tau,Tianguan,5.627413,21.142549,136.4256,2.39,-18.04,20.0,2.97,-2.704,B4IIIp,-0.148,12.391949,126.637551,49.207351,0.0000007,0.00002342,-0.00000375,1.4732531913866609,0.3690070937216137,0.000000011587047,-0.000000087460387,Zet,123,Tau,1,26386,,1050.9934271862176,Zet,3.032,2.902
47772,47908,84441,3873,,17Eps Leo,Ras Elased Australis,9.764188,23.774255,75.643,-46.09,-9.57,4.0,2.97,-1.424,G0II,0.808,-57.700126,38.244772,30.494289,0.00000504,0.00001694,-0.00000156,2.556258343807028,0.41493902002914623,-0.0000002234506254,-0.000000046396669,Eps,17,Leo,1,47772,,323.2957533680941,,,
88361,88635,165135,6746,,10Gam2Sgr,Alnasl,18.096803,-30.424091,29.7,-55.75,-181.53,22.0,2.98,0.616,K0III,0.981,0.648969,-25.602281,-15.040072,-0.00000787,-0.00000637,-0.00003393,4.737732034018264,-0.5310005637198976,-0.0000002702836269,-0.000000880082274,Gam-2,10,Sgr,1,88361,,49.38556196176077,,,
64758,64962,115659,5020,,46Gam Hya,,13.315359,-23.171512,41.0341,68.41,-41.09,-5.0,2.99,-0.076,G8III,0.92,-35.509172,-12.735386,-16.146279,0.00001205,-0.00001014,-0.0000055,3.48595289403409,-0.40441918208698374,0.0000003316610389,-0.000000199209941,Gam,46,Hya,1,64758,,93.41142557364785,,,
86804,87073,161471,6615,,Iot1Sco,,17.793078,-40.126997,591.716,0.44,-6.4,-28.0,2.99,-5.871,F3Ia,0.509,-24.497404,-451.772701,-381.351324,0.00000309,0.00003361,0.00000442,4.6582169636653274,-0.7003482244956563,0.0000000021331802,-0.000000031028075,Iot-1,,Sco,1,86804,,19426.743230314907,,,
93452,93747,177724,7235,GJ 4095A,17Zet Aql,Okab,19.090169,13.863478,25.4582,-7.04,-95.31,-25.0,2.99,0.961,A0Vn,0.014,6.95881,-23.716532,6.099966,-0.00000703,0.00002087,-0.00001755,4.997794545354773,0.2419633388357175,-0.0000000341308831,-0.000000462075918,Zet,17,Aql,1,93452,GJ 4095,35.94181463147148,,,
10041,10064,13161,622,,4Bet Tri,,2.159058,34.987297,38.8954,148.78,-39.13,10.0,3.0,0.051,A5III,0.14,26.909766,17.068198,22.302471,-0.00000438,0.00003044,-0.00000018,0.5652399794256968,0.6106435270585613,0.0000007213057939,-0.000000189707593,Bet,4,Tri,1,10041,,83.0998041044432,,,
54380,54539,96833,4335,,52Psi UMa,,11.161062,44.498487,44.3066,-62.35,-27.38,-4.0,3.0,-0.232,K1III,1.144,-30.843315,6.88533,31.054046,0.00000174,0.00001333,-0.00000706,2.921959184038364,0.7766451055076312,-0.0000003022813298,-0.000000132741985,Psi,52,UMa,1,54380,,107.84499632938316,,,
74868,75097,137422,5735,,13Gam UMi,Pherkad,15.345483,71.834016,149.2537,-18.03,17.68,-4.0,3.0,-2.87,A3II-III,0.058,-29.797327,-35.741213,141.814461,-0.00000142,0.00001867,0.0000001,4.017438041145818,1.2537400930067575,-0.0000000874119066,0.000000085715058,Gam,13,UMi,1,74868,,1224.6161992650489,Gam,3.016,2.996
82263,82514,151890,6247,,Mu 1Sco,Xamidimura,16.864509,-38.04738,153.6098,-8.84,-21.6,-25.0,3.0,-2.932,B1.5IV + B,-0.2,-35.43289,-115.66204,-94.671563,0.00000251,0.00003066,0.00000309,4.415118219996618,-0.6640520452978562,-0.0000000428575294,-0.000000104719755,Mu-1,,Sco,1,82263,,1296.5820353826284,Mu-1,3.206,2.946
107742,108085,207971,8353,,Gam Gru,Aldhanab,21.898808,-37.364852,64.7249,95.88,-12.1,-2.0,3.0,-1.055,B8III,-0.084,43.853581,-26.892269,-39.28078,0.00001238,0.0000277,-0.00000178,5.7330946093443735,-0.6521396962964812,0.0000004648393569,-0.000000058662455,Gam,,Gru,1,107742,,230.14418174085066,,,
17316,17358,22928,1122,,39Del Per,,3.715416,47.787551,158.2278,23.83,-41.93,4.0,3.01,-2.986,B5III SB,-0.125,59.860731,87.855481,117.192812,-0.00000014,0.00003225,-0.00001858,0.9726935148971256,0.83405011127921,0.0000001155311001,-0.000000203282376,Del,39,Per,1,17316,,1362.6991969948704,Del,3.02,3.0
30049,30122,44402,2282,,1Zet CMa,Furud,6.338553,-30.063367,111.1111,8.0,3.81,32.0,3.02,-2.209,B2.5V,-0.16,-8.512138,95.786306,-55.662081,-0.00000689,0.00002886,-0.00001462,1.6594293653695764,-0.5247047423752412,0.0000000387850944,0.000000018471401,Zet,1,CMa,1,30049,,666.1929002234552,,,
33888,33977,53138,2653,,24Omi2CMa,,7.050409,-23.833291,847.4576,-1.56,4.28,48.0,3.02,-6.621,B3Ia,-0.077,-210.498109,746.064177,-342.438173,-0.00000795,0.0000518,-0.00000375,1.8457927748229326,-0.41596939743728123,-0.0000000075630934,0.000000020750025,Omi-2,24,CMa,1,33888,,38761.44867002412,Omi-2,3.065,2.985
59134,59316,105707,4630,,2Eps Crv,,12.168746,-22.619766,97.4659,-71.52,10.55,5.0,3.02,-1.924,K2III,1.326,-89.88085,-3.973272,-37.486747,-0.00000812,0.00003347,0.00000263,3.185770142035987,-0.39478939945637376,-0.0000003467387443,0.000000051147843,Eps,2,Crv,1,59134,,512.3892386646796,,,
23361,23416,31964,1605,,7Eps Aur,Almaaz,5.032815,43.823308,653.5948,0.18,-2.31,-3.0,3.03,-6.047,F0Ia,0.537,118.129799,456.518488,452.57303,0.00000016,0.00000291,-0.00000741,1.3175878916358155,0.7648610190070351,0.0000000008726646,-0.000000011199196,Eps,7,Aur,1,23361,,22845.464885518246,Eps,3.085,2.935
62127,62322,110879,4844,,Bet Mus,,12.771346,-68.108119,104.712,-40.4,-10.32,42.0,3.04,-2.06,B2V,-0.178,-38.249334,-7.83061,-97.161472,-0.00001504,0.00001785,-0.00004181,3.3435305921836393,-1.1887109247867462,-0.0000001958647269,-0.000000050032771,Bet,,Mus,1,62127,,580.7644175213123,,,
70851,71075,127762,5435,,27Gam Boo,Seginus,14.534636,38.308253,26.6099,-115.55,151.87,-37.0,3.04,0.915,A7IIIvar,0.191,-16.449442,-12.860715,16.49506,0.00002378,0.00003751,-0.00000808,3.8051588582306812,0.66860513750719,-0.0000005602022079,0.000000736286536,Gam,27,Boo,1,70851,,37.49730022454834,Gam,3.052,3.032
95648,95947,183912,7417,,6Bet1Cyg,Albireo,19.512023,27.959681,133.1558,-7.09,-5.63,-24.0,3.05,-2.572,K3II+...,1.088,45.350466,-108.51838,62.430012,-0.00001193,0.00001667,-0.00001472,5.108235547233712,0.4879884921686625,-0.00000003437329,-0.00000002729501,Bet-1,6,Cyg,1,95648,,930.6791831626532,,,
100020,100345,193495,7776,,9Bet Cap,Dabih,20.350187,-14.781367,100.2004,48.42,14.0,-19.0,3.05,-1.954,A5:n,0.79,55.920163,-79.116953,-25.564218,0.00000936,0.0000275,0.00001153,5.327666598034361,-0.2579835241032437,0.0000002347467841,0.000000067873915,Bet,9,Cap,1,100020,,526.744488331906,,,
32161,32246,48329,2473,,27Eps Gem,Mebsuta,6.732202,25.131124,259.0674,-5.93,-12.81,10.0,3.06,-4.007,A3mA6-A9,1.377,-44.684834,230.247724,110.023705,0.00000425,0.00001722,-0.00001022,1.7624862964423016,0.43862086058447,-0.0000000287494513,-0.000000062104632,Eps,27,Gem,1,32161,,3489.7956743787418,,,
50655,50801,89758,4069,,34Mu  UMa,Tania Australis,10.372155,41.499516,70.6215,-80.47,34.1,-21.0,3.06,-1.185,M0III SB,1.603,-48.161684,21.865099,46.794651,0.00003308,0.00001524,-0.00000549,2.715423700366274,0.7243031975628188,-0.0000003901295687,0.000000165321465,Mu,34,UMa,1,50655,,259.4179362118815,,,
94081,94376,180711,7310,,57Del Dra,Altais,19.209225,67.661541,29.8686,94.49,92.3,25.0,3.07,0.694,G9III,0.99,3.534238,-10.788301,27.627312,0.00001218,0.00000677,0.00002873,5.028963347378909,1.1809166704764862,0.0000004581004468,0.000000447483027,Del,57,Dra,1,94081,,45.96211446660011,,,
89364,89642,167618,6832,,Eta Sgr,,18.293793,-36.761686,44.7427,-129.27,-166.61,1.0,3.1,-0.154,M2III,1.582,2.754228,-35.738834,-26.777975,-0.00002955,0.00001859,-0.00002956,4.789303727211857,-0.6416124577956388,-0.0000006267186449,-0.000000807748073,Eta,,Sgr,1,89364,,100.36909309200966,Eta,3.119,3.069
43689,43813,76294,3547,,16Zet Hya,,8.92323,5.945563,51.2558,-99.76,14.65,23.0,3.11,-0.439,G8III-IV,0.978,-35.316755,36.765697,5.309278,0.00000193,0.00003377,0.00000606,2.336096050061382,0.103769655470535,-0.0000004836501277,0.000000071025204,Zet,16,Hya,1,43689,,130.49684141302234,,,
52789,52943,93813,4232,,Nu  Hya,,10.827079,-16.193648,44.0723,92.77,199.02,-1.0,3.11,-0.111,K0/K1III,1.232,-40.343946,12.793047,-12.291085,-0.00001636,-0.00001561,0.00004112,2.8345227794144505,-0.28263248033336374,0.0000004497616515,0.000000964876187,Nu,,Hya,1,52789,,96.47171518961676,,,
56392,56561,100841,4467,,Lam Cen,,11.596363,-63.019841,128.7001,-33.84,-6.87,-1.0,3.11,-2.438,B9II:,-0.044,-58.063196,6.158685,-114.692848,0.00000649,0.00002054,-0.00000103,3.0359208544666916,-1.0999037274336163,-0.0000001640609495,-0.000000033306699,Lam,,Cen,1,56392,,822.6213938831102,,,
101445,101772,196171,7869,Gl 794.1,Alp Ind,,20.626116,-47.291502,30.1477,49.2,66.07,-1.3,3.11,0.714,K0III,0.998,12.976855,-15.802893,-22.152943,0.00000949,-0.00000022,0.00000753,5.399904590122895,-0.8253924132315175,0.0000002385283308,0.000000320316398,Alp,,Ind,1,101445,,45.12321133443373,,,
27559,27628,39425,2040,,Bet Col,Wazn,5.849329,-35.768309,26.7308,55.74,404.68,89.0,3.12,0.985,K1.5III,1.146,0.855327,21.672805,-15.624858,-0.0000031,0.00010471,-0.00001066,1.5313508145575236,-0.6242747529899825,0.0000002702351455,0.000001961944002,Bet,,Col,1,27559,,35.15604405282981,,,
44000,44127,76644,3569,Gl 331A,9Iot UMa,Talitha,8.986828,48.041826,14.5096,-441.12,-215.21,9.0,3.12,2.312,A7IV,0.223,-6.835882,6.883318,10.789878,0.00000975,0.00003422,-0.00000328,2.352746110161558,0.8384880495341912,-0.0000021386101077,-0.000001043367521,Iot,9,UMa,1,44000,Gl 331,10.356189770449859,,,
82826,83081,152786,6285,GJ 9581,Zet Ara,,16.977006,-55.990141,149.0313,-18.31,-35.29,-6.0,3.12,-2.746,K5III,1.552,-22.05913,-80.386753,-123.53816,-0.00000626,0.00002719,-0.00000917,4.444569660267883,-0.9772123050440363,-0.0000000887693849,-0.000000171090747,Zet,,Ara,1,82826,,1092.4460532267929,,,
84121,84379,156164,6410,GJ 3995A,65Del Her,Sarin,17.250531,24.839204,23.0362,-21.14,-157.68,-40.0,3.12,1.308,A3IVv SB,0.08,-4.075476,-20.503689,9.676738,0.00000348,0.00002962,-0.00003316,4.516178466215894,0.43352589502565375,-0.0000001024896121,-0.000000764454211,Del,65,Her,1,84121,GJ 3995,26.109586865859324,,,
73107,73334,132200,5576,,Kap Cen,,14.986025,-42.104194,117.5088,-17.76,-21.33,8.0,3.13,-2.22,B2IV,-0.208,-61.87283,-61.421692,-78.787457,-0.00000565,0.00000864,-0.0000145,3.9233320665995404,-0.7348568098441325,-0.0000000861029097,-0.000000103410758,Kap,,Cen,1,73107,,672.9766562843175,,,
45728,45860,80493,3705,,40Alp Lyn,,9.350925,34.392562,62.2665,-222.8,14.78,38.0,3.14,-0.831,M0IIIvar,1.55,-39.512346,32.846027,35.17204,0.00002027,0.00007061,0.00002563,2.4480663505572977,0.6002634409852838,-0.0000010801648803,0.000000071655461,Alp,40,Lyn,1,45728,,187.24058959867978,,,
46568,46701,82668,3803,,,,9.520371,-57.034377,73.2601,-32.58,6.08,-14.0,3.16,-1.164,K5III,1.538,-31.754679,24.098313,-61.464914,0.00001176,0.0000056,0.00001319,2.4924272339174003,-0.9954376610791288,-0.0000001579522971,0.000000029476671,,,Vel,1,46568,,254.4485615146634,N,3.169,3.149
84122,84380,156283,6418,,67Pi  Her,,17.250788,36.809162,115.4734,-27.35,2.7,-26.0,3.16,-2.152,K3IIvar,1.437,-18.017787,-90.679203,69.185936,-0.00001069,0.00002475,-0.00001472,4.516245841780261,0.6424410675372287,-0.0000001325965416,0.000000013089969,Pi,67,Her,1,84122,,632.1206820052686,,,
31605,31685,47670,2451,,Nu  Pup,Pipit,6.629353,-43.195934,113.8952,-0.43,-3.99,28.0,3.17,-2.113,B8III SB,-0.103,-13.61885,81.907249,-77.960909,-0.00000294,0.00001915,-0.00002121,1.7355605987588851,-0.7539112642605688,-0.0000000020846988,-0.000000019344065,Nu,,Pup,1,31605,,609.8176639987851,,,
46720,46853,82328,3775,Gl 354A,25The UMa,,9.547715,51.6773,13.4789,-947.06,-535.6,15.3,3.17,2.522,F6IV,0.475,-6.693935,5.005096,10.57472,0.00000729,0.00007181,-0.00000942,2.499585849581123,0.9019390372068613,-0.0000045914764431,-0.000002596662073,The,25,UMa,1,46720,Gl 354,8.534930716135483,,,
83638,83895,155763,6396,,22Zet Dra,Aldhibah,17.146448,65.714683,100.7049,-20.76,19.15,-17.0,3.17,-1.845,B6III,-0.12,-9.178442,-40.388128,91.793254,-0.00000641,0.00001753,-0.000012,4.488929593335949,1.1469375883659163,-0.0000001006473201,0.000000092841819,Zet,22,Dra,1,83638,,476.4309868054156,,,
91754,92041,173300,7039,,27Phi Sgr,,18.76094,-26.990778,73.3676,51.15,0.45,22.0,3.17,-1.158,B8.5III,-0.107,12.937936,-64.083559,-33.297761,0.00002181,-0.00001612,-0.00001007,4.911602513844229,-0.47107794791046625,0.0000002479821976,0.000000002181661,Phi,27,Sgr,1,91754,,253.04630494613966,,,
23712,23767,32630,1641,,10Eta Aur,Haedus,5.10858,41.234474,74.6269,30.6,-68.41,7.0,3.18,-1.184,B3V,-0.148,12.978524,54.599524,49.18977,-0.00000575,0.00002367,-0.00001389,1.3374230330886296,0.7196773429659176,0.0000001483529863,-0.000000331661038,Eta,10,Aur,1,23712,,259.1791134615946,,,
71682,71908,128898,5463,Gl 560A,Alp Cir,Xami,14.708492,-64.975138,16.57,-192.64,-234.07,7.2,3.18,2.083,F1Vp,0.256,-5.319852,-4.563974,-15.014538,0.00000049,0.00002081,-0.00001463,3.8506743019806007,-1.1340300965295926,-0.0000009339450742,-0.000001134803382,Alp,,Cir,1,71682,Gl 560,12.78792262935846,Alp,3.184,3.174
22396,22449,30652,1543,Gl 178,1Pi 3Ori,Tabit,4.830669,6.961276,8.0684,463.44,11.62,24.4,3.19,3.656,F6V,0.484,2.413721,7.63677,0.977904,-0.00000983,0.00002903,0.00000348,1.2646661966795603,0.12149717993430376,0.0000022468205212,0.000000056335349,Pi-3,1,Ori,1,22396,,3.003308878676558,,,
23630,23685,32887,1654,,2Eps Lep,,5.091018,-22.371032,65.4022,19.27,-72.35,1.0,3.19,-0.888,K4III,1.46,14.257014,58.775516,-24.89227,-0.00000777,-0.00000613,-0.0000216,1.3328252864564671,-0.3904481741735988,0.0000000934235962,-0.000000350762697,Eps,2,Lep,1,23630,,197.33312795365026,,,
82745,83000,153210,6299,,27Kap Oph,,16.961139,9.375033,28.0426,-293.03,-9.7,-56.0,3.19,0.951,K2IIIvar,1.16,-7.432411,-26.650562,4.567947,-0.00002325,0.00006492,-0.00001063,4.440415745316629,0.16362518751438876,-0.0000014206495281,-0.000000047026927,Kap,27,Oph,1,82745,,36.27438014764577,Kap,3.199,3.189
86991,87261,161892,6630,,,Fuyue,17.830965,-37.043304,38.5802,42.09,27.77,25.0,3.19,0.258,K0/K1III,1.192,-1.362278,-30.763993,-23.24156,0.00000682,-0.00002386,-0.00001126,4.668135843508184,-0.6465276119633587,0.0000002040580781,0.000000134632759,,,Sco,1,86991,,68.67521061488183,,,
104394,104732,202109,8115,,64Zet Cyg,,21.215607,30.226916,43.8789,6.87,-68.12,17.0,3.21,-0.001,G8II SB,0.99,28.278409,-25.25354,22.089851,0.00001762,-0.00001378,-0.00000377,5.554232942433624,0.5275592012680587,0.0000000333066999,-0.000000330255079,Zet,64,Cyg,1,104394,,87.17661466018497,,,
116361,116727,222404,8974,Gl 903,35Gam Cep,Errai,23.65582,77.632276,14.1024,-48.85,127.18,-43.1,3.21,2.464,K1IV,1.031,3.008186,-0.271815,13.774751,-0.00001816,-0.00000171,-0.00004119,6.193079297724524,1.3549388191278324,-0.000000236831483,0.000000616586038,Gam,35,Cep,1,116361,,9.003264310597224,,,
74912,75141,136298,5695,,Del Lup,,15.356201,-40.647518,271.0027,-19.11,-24.05,-2.4,3.22,-3.945,B1.5IV,-0.227,-131.223518,-158.301112,-176.532145,-0.000005,0.0000333,-0.00002237,4.020244134330924,-0.7094330192297875,-0.0000000926478944,-0.00000011659769,Del,,Lup,1,74912,,3296.0971217745796,Del,3.239,3.209
79640,79882,146791,6075,GJ 3949,2Eps Oph,Yed Posterior,16.305358,-4.692511,32.6371,82.39,40.08,-7.7,3.23,0.661,G8III,0.966,-13.962311,-29.378579,-2.669978,0.00001492,0.00000102,0.00000696,4.2687327390824255,-0.08189976075842374,0.0000003994379914,0.000000194313323,Eps,2,Oph,1,79640,,47.38053933388255,,,
89684,89962,168723,6869,Gl 711,58Eta Ser,,18.355167,-2.898825,18.5426,-547.57,-700.72,6.9,3.23,1.889,K0III-IV,0.941,1.719456,-18.438938,-0.937748,-0.00004865,-0.00000842,-0.00006326,4.805371473425132,-0.0505940423811925,-0.0000026546942706,-0.000003397186422,Eta,58,Ser,1,89684,,15.289736466907097,,,
105691,106032,205021,8238,,8Bet Cep,Alfirk,21.477662,70.560716,210.084,12.6,8.73,-8.0,3.23,-3.382,B2IIIv SB,-0.201,55.219515,-42.886719,198.108029,-0.0000009,0.00001695,-0.00000476,5.622838696507083,1.2315168153370475,0.0000000610865238,0.000000042324234,Bet,8,Cep,1,105691,,1962.4563241736896,Bet,3.257,3.207
32521,32607,50241,2550,Gl 248,Alp Pic,,6.803194,-61.941391,29.6033,-68.39,242.03,20.6,3.24,0.883,A7IV,0.225,-2.906455,13.618019,-26.124095,0.00000113,0.00004172,-0.00000225,1.7810719348143338,-1.0810812247976789,-0.0000003315640761,0.000001173394551,Alp,,Pic,1,32521,,38.618908944898976,,,
99156,99473,191692,7710,,65The Aql,Antinous,20.188413,-0.821461,87.7963,35.48,6.05,-27.0,3.24,-1.477,B9.5III,-0.066,47.588681,-73.769106,-1.258706,-0.00000226,0.00003136,0.00000297,5.285314060104072,-0.01433719835176375,0.0000001720118939,0.000000029331227,The,65,Aql,1,99156,,339.46890538007864,,,
36274,36377,59717,2878,,Sig Pup,,7.487179,-43.301432,59.3824,-59.86,188.73,88.0,3.25,-0.618,K5III SB,1.509,-16.404069,39.982094,-40.72716,-0.00002306,0.00010161,-0.00002219,1.9601388026671447,-0.7557525678474837,-0.0000002902094692,0.000000914988859,Sig,,Pup,1,36274,,153.88631498199555,Sig,3.265,3.225
68675,68895,123123,5287,Gl 538.1,49Pi  Hya,,14.106193,-26.682361,30.9598,43.05,-140.82,27.3,3.25,0.796,K2III,1.091,-23.563202,-14.492156,-13.902421,-0.00000978,-0.0000136,-0.00003142,3.692992633232533,-0.46569505275296,0.0000002087122895,-0.000000682714624,Pi,49,Hya,1,68675,,41.84080195674278,,,
73486,73714,133216,5603,,20Sig Lib,Brachium,15.067839,-25.281965,88.4173,-71.85,-44.69,-4.0,3.25,-1.483,M3/M4III,1.674,-55.51919,-57.527085,-37.760649,-0.00001391,0.00002993,-0.00001557,3.9447509890369923,-0.44125352380328875,-0.0000003483386295,-0.000000216663233,Sig,20,Lib,1,73486,,341.3500729493114,Sig,3.351,3.181
92902,93194,176437,7178,,14Gam Lyr,Sulafat,18.982395,32.689557,190.1141,-2.76,1.77,-21.0,3.25,-3.145,B9III,-0.049,40.69872,-154.738921,102.67804,-0.00000728,0.00001769,-0.00001023,4.969579452917496,0.5705404070855175,-0.0000000133808576,0.000000008581202,Gam,14,Lyr,1,92902,,1577.6112696993484,,,
17637,17678,24512,1208,,Gam Hyi,,3.787295,-74.238962,65.6168,51.07,115.27,16.0,3.26,-0.825,M2III,1.59,9.756821,14.915528,-63.149939,0.00000816,0.00004214,-0.00000579,0.9915114594505333,-1.2957143241086213,0.0000002475943467,0.000000558844729,Gam,,Hyi,1,17637,,186.20871366628674,,,
3086,3092,3627,165,,31Del And,,0.655462,30.861024,32.352,115.38,-83.05,-7.0,3.27,0.72,K3III...,1.268,27.363473,4.742224,16.595166,-0.00000256,0.00001792,-0.00001485,0.17159965555771547,0.5386264769195913,0.0000005593780246,-0.000000402637761,Del,31,And,1,3086,,44.87453899331323,,,
84711,84970,157056,6453,,42The Oph,,17.366827,-24.999545,133.6898,-8.84,-23.64,-2.0,3.27,-2.36,B2IV,-0.186,-19.992891,-119.503681,-56.498782,-0.00000428,0.00000916,-0.00001302,4.5466247959966175,-0.4363243778370975,-0.0000000428575294,-0.000000114609954,The,42,Oph,1,84711,,765.5966069112561,The,3.287,3.257
112776,113136,216627,8709,,76Del Aqr,Skat,22.910837,-15.82082,49.2368,-44.08,-24.81,18.0,3.27,-0.191,A3V,0.066,45.459019,-13.325406,-13.423467,0.00001249,-0.00001462,-0.00001072,5.998043116073634,-0.27612540246989753,-0.0000002137058704,-0.000000120282274,Del,76,Aqr,1,112776,,103.8484455008274,,,
24249,24305,33904,1702,,5Mu  Lep,,5.215528,-16.205468,57.0125,45.66,-16.13,28.0,3.29,-0.49,B9IV: HgMn,-0.11,11.164848,53.596933,-15.911275,-0.000007,0.00002828,-0.00001227,1.365421956951857,-0.28283877625390247,0.0000002213659265,-0.000000078200446,Mu,5,Lep,1,24249,,136.77288255958496,Mu,3.298,3.278
49958,50099,89080,4037,,Ome Car,,10.228961,-70.037903,104.8218,-35.73,7.55,7.0,3.29,-1.812,B8III,-0.074,-32.00779,16.00439,-98.524026,0.00000271,0.00001894,-0.00000542,2.6779356112906294,-1.22239201271997,-0.0000001732239281,0.000000036603432,Ome,,Car,1,49958,,462.16813609224465,,,
75229,75458,137759,5744,,12Iot Dra,Edasich,15.415494,58.966065,31.027,-8.27,17.3,-11.0,3.29,0.831,K2III,1.166,-10.015969,-12.471787,26.585776,0.00000406,0.00000704,-0.0000083,4.0357669491767005,1.0291519898867025,-0.0000000400940914,0.000000083872766,Iot,12,Dra,1,75229,,40.513522022926395,,,
21228,21281,29305,1465,,Alp Dor,,4.566598,-55.044975,51.7063,58.06,12.73,26.0,3.3,-0.268,A0V:,-0.079,10.857822,27.56288,-42.378779,-0.000007,0.00002194,-0.00001997,1.1955325219747006,-0.9607160429781663,0.0000002814828229,0.000000061716781,Alp,,Dor,1,21228,,111.48078033638414,Alp,3.313,3.273
51428,51576,91465,4140,,,,10.533743,-61.685332,148.1481,-16.59,11.42,26.0,3.3,-2.553,B4Vne,-0.089,-65.154868,26.316211,-130.423268,-0.00001393,0.00001847,-0.00001952,2.757727415232341,-1.0766121515499325,-0.0000000804305896,0.000000055365722,,,Car,1,51428,,914.53430312046,PP,3.448,3.218
29582,29655,42995,2216,,7Eta Gem,Propus,6.247961,22.506799,117.9245,-62.53,-10.24,19.0,3.31,-2.048,M3III,1.6,-7.067151,108.713368,45.140745,0.00003436,0.00002247,0.00000203,1.6357124064025486,0.39281774360695004,-0.0000003031539945,-0.00000004964492,Eta,7,Gem,1,29582,,574.3809134963176,Eta,3.446,3.216
85008,85267,157246,6462,,Gam Ara,,17.423239,-56.377727,341.2969,-0.77,-15.85,-3.0,3.31,-4.356,B1Ib,-0.15,-28.42707,-186.83103,-284.199972,0.00000228,0.00002346,-0.00001197,4.561393223335678,-0.98397695537597,-0.0000000037330653,-0.000000076842968,Gam,,Ara,1,85008,,4812.824218676023,,,
5154,5165,6595,322,,Bet Phe,,1.101407,-46.718414,100000.0,-70.16,31.6,-1.0,3.32,-16.68,G8IIIvar,0.885,65728.03719,19495.774096,-72799.31262,0.02036281,-0.02943628,0.01050305,0.2883477037288151,-0.8153901374901737,-0.0000003401452783,0.000000153201123,Bet,,Phe,1,5154,,409260659.730011,,,
14318,14354,19058,921,,25Rho Per,,3.08627,38.840274,94.3396,128.69,-106.61,28.0,3.32,-1.553,M3IIIvar,1.528,50.772204,53.119196,59.165375,-0.00000601,0.00007889,-0.00002002,0.8079835981838482,0.67789065947619,0.0000006239067255,-0.000000516859864,Rho,25,Per,1,14318,,364.0826637894008,Rho,3.462,3.262
59592,59774,106591,4660,Gl 459,69Del UMa,Megrez,12.257086,57.032617,24.6853,103.56,7.81,-13.4,3.32,1.358,A3Vvar,0.077,-13.402309,-0.903455,20.710384,0.00000906,-0.00001181,-0.00001099,3.208897599139166,0.995406944309545,0.0000005020730476,0.000000037863948,Del,69,UMa,1,59592,,24.9344618809783,,,
83885,84143,155203,6380,Gl 657,Eta Sco,,17.202552,-43.239189,22.5276,22.01,-287.41,-27.0,3.32,1.556,F3p,0.441,-3.401345,-16.05484,-15.432267,0.00001098,0.00004022,-0.00000395,4.503617687690547,-0.7546662122762413,0.0000001067074911,-0.000001393402999,Eta,,Sco,1,83885,,20.77782097504266,,,
87775,88048,163917,6698,,64Nu  Oph,,17.983775,-9.773632,46.2107,-10.31,-116.12,13.0,3.32,-0.004,K0III,0.987,-0.193436,-45.539708,-7.844563,-0.00000235,-0.00000868,-0.00002789,4.708141391637458,-0.17058205694939374,-0.0000000499842905,-0.000000562965645,Nu,64,Oph,1,87775,,87.41782564005277,,,
93569,93864,177716,7234,GJ 9643,40Tau Sgr,,19.11567,-27.670423,37.2856,-50.79,-250.51,45.4,3.32,0.462,K1/K2III,1.169,9.508483,-31.623153,-17.31506,-0.00000301,-0.00002189,-0.00006166,5.004470744427402,-0.4829399859340712,-0.0000002462368684,-0.000001214506751,Tau,40,Sgr,1,93569,,56.91149576288411,,,
19730,19780,27256,1336,,Alp Ret,Rhombus,4.240404,-62.473858,49.554,41.64,49.72,36.0,3.33,-0.145,G7III,0.915,10.180685,20.514413,-43.944776,0.00000331,0.00002918,-0.00002713,1.110135242418645,-1.0903745178180912,0.0000002018764166,0.000000241049361,Alp,,Ret,1,19730,,99.54054173515264,,,
54718,54879,97633,4359,,70The Leo,Chertan,11.237335,15.42957,50.6073,-59.01,-79.37,8.0,3.33,-0.191,A2V,-0.003,-47.814213,9.675761,13.464276,-0.00000994,0.00001678,-0.00001659,2.9419274527251624,0.2692968010295925,-0.0000002860885529,-0.000000384796618,The,70,Leo,1,54718,,103.8484455008274,,,
38062,38170,63700,3045,,7Xi  Pup,Azmidi,7.821571,-24.859786,367.6471,-5.56,-0.71,3.0,3.34,-4.487,G6Ia,1.218,-153.118527,296.362603,-154.558514,0.00000777,0.00000655,-0.00000244,2.0476824881381446,-0.43388511111904876,-0.0000000269556406,-0.000000003442177,Xi,7,Pup,1,38062,,5430.002130657378,,,
8867,8886,11415,542,,45Eps Cas,Segin,1.906584,63.670101,126.2626,31.98,-18.66,-8.0,3.35,-2.156,B2pvar,-0.15,49.169644,26.806887,113.163436,-0.00000357,0.00002035,-0.0000124,0.4991424996298816,1.11125290442047,0.000000155043415,-0.000000090466232,Eps,45,Cas,1,8867,,634.453795775715,,,
25218,25281,35411,1788,,28Eta Ori,,5.407949,-2.397146,299.4012,-0.54,-3.21,20.0,3.35,-4.031,B1V + B2,-0.24,46.180743,295.55322,-12.522729,0.0000039,0.00001988,-0.00000551,1.4157977590925537,-0.04183809417204125,-0.0000000026179939,-0.000000015562519,Eta,28,Ori,1,25218,,3567.7958828856267,Eta,3.589,3.319
32276,32362,48737,2484,Gl 242,31Xi  Gem,Alzirr,6.754824,12.895591,17.9986,-115.16,-190.91,30.0,3.35,2.074,F5IV,0.443,-3.444569,17.203451,4.0169,0.00000325,0.00003494,-0.00000939,1.768408782774948,0.22507052336927624,-0.0000005583114345,-0.000000925557797,Xi,31,Gem,1,32276,,12.894366199598709,,,
41586,41704,71369,3323,,1Omi UMa,Muscida,8.504431,60.718169,54.9149,-134.31,-107.73,20.0,3.35,-0.348,G4II-III,0.856,-16.37548,21.290022,47.898272,0.00000699,0.00004956,0.00000381,2.2264548414090246,1.0597319679644424,-0.0000006511532544,-0.000000522289778,Omi,1,UMa,1,41586,,120.00518202042646,,,
95207,95501,182640,7377,Gl 760,30Del Aql,,19.424972,3.114775,15.5255,253.06,80.67,-29.9,3.36,2.405,F0IV,0.319,5.650026,-14.436012,0.843584,0.00000649,0.00003568,0.0000044,5.085445848108125,0.054363084117965005,0.0000012268695,0.000000391099196,Del,30,Aql,1,95207,,9.50604793656281,,,
75035,75264,136504,5708,,Eps Lup,,15.378021,-44.689622,156.9859,-20.25,-20.13,8.0,3.37,-2.609,B2IV-V,-0.191,-70.733584,-86.328198,-110.402888,-0.00000878,0.0000136,-0.00001664,4.0259564859707595,-0.7799810449386888,-0.0000000981747703,-0.000000097592993,Eps,,Lup,1,75035,,962.941712971556,,,
42990,43109,74874,3482,,11Eps Hya,Ashlesha,8.779587,6.418809,39.6354,-231.04,-40.17,36.0,3.38,0.39,G0III-IV,0.685,-26.198413,29.410867,4.431082,0.00000824,0.00005749,-0.00000355,2.2984903710066336,0.11202935494051876,-0.0000011201135276,-0.000000194749655,Eps,11,Hya,1,42990,,60.81350012787179,Eps,3.39,3.37
66040,66249,118098,5107,GJ 3792,79Zet Vir,Heze,13.57822,-0.59582,22.7118,-278.89,48.56,-13.2,3.38,1.599,A3V,0.114,-20.799365,-9.118725,-0.236175,-0.00000002,0.00003352,0.00000549,3.5547696811523553,-0.01039902302667375,-0.0000013520968737,0.000000235425523,Zet,79,Vir,1,66040,,19.971008660281843,,,
26142,26207,36861,1879,,39Lam Ori,Meissa,5.585633,9.934158,336.7003,-1.03,-1.86,34.0,3.39,-4.246,O...,-0.16,35.907504,329.702779,58.086365,0.00000544,0.00003439,0.00000301,1.462315173306167,0.17338377209657752,-0.0000000049935809,-0.000000009017534,Lam,39,Ori,1,26142,,4349.106072324538,,,
50229,50371,89388,4050,,,,10.28472,-61.332304,201.6129,-24.25,6.38,8.0,3.39,-3.133,K3II,1.541,-87.13034,41.987831,-176.898605,0.00000182,0.00002543,-0.00000419,2.6925333332859713,-1.07045064535277,-0.0000001175673175,0.000000030931112,,,Car,1,50229,,1560.2708686930619,V337,3.401,3.381
62890,63090,112300,4910,,43Del Vir,Minelauva,12.926725,3.39747,60.8273,-471.44,-52.81,-18.0,3.39,-0.53,M3III,1.571,-58.94191,-14.587593,3.604756,-0.00001646,0.00013914,-0.00001664,3.384208560950863,0.05929704173659,-0.0000022856056156,-0.000000256030104,Del,43,Vir,1,62890,,141.90575216890926,,,
109146,109492,210745,8465,,21Zet Cep,,22.180908,58.201261,256.4103,13.35,4.49,-18.0,3.39,-3.655,K1Ibv SB,1.558,120.077626,-61.940455,217.924077,-0.00000523,0.00002137,-0.00001271,5.806948191322981,1.0158036284711724,0.0000000647226264,0.000000021768134,Zet,21,Cep,1,109146,,2523.480772480573,Zet,3.418,3.378
20842,20894,28319,1412,,78The2Tau,Chamukuy,4.477705,15.870883,46.1042,108.66,-26.39,40.0,3.4,0.081,A7III,0.179,17.209733,40.871602,12.608233,-0.00000649,0.00004718,0.00000551,1.1722604464872712,0.2769991565046125,0.0000005267985453,-0.00000012794233,The-2,78,Tau,1,20842,,80.83510373900673,The-2,3.411,3.391
119131,,,,Gl 656.1B,,,17.172783,-15.726921,25.7931,36.81,92.98,0.0,3.4,1.342,A3 V,,-5.334832,-24.247587,-6.991291,0.00000382,-0.00000407,0.00001119,4.495824062995791,-0.27448655173925,0.0000001784599158,0.000000450765215,,,Oph,2,83755,Gl 656.1,25.304630494613964,,,
6853,6867,9053,429,,Gam Phe,,1.472759,-43.318234,71.6332,-18.21,-207.71,26.0,3.41,-0.866,K5II-III,1.542,48.291055,19.600485,-49.144111,-0.00002555,-0.00001719,-0.00007072,0.38556730351000174,-0.7560458063068313,-0.0000000882845712,-0.000001007006495,Gam,,Phe,1,6853,,193.37485452952552,Gam,3.478,3.388
18677,18724,25204,1239,,35Lam Tau,,4.011338,12.490347,148.368,-8.15,-11.98,18.0,3.41,-2.447,B3V + A,-0.099,72.055648,125.663969,32.088342,0.00001495,0.00001429,-0.00000443,1.050165762267244,0.2179976717940675,-0.000000039512315,-0.000000058080678,Lam,35,Tau,1,18677,,829.468695095263,Lam,3.493,3.393
67251,67464,120307,5190,,Nu  Cen,Heng,13.825078,-41.687709,133.8688,-26.01,-20.38,9.0,3.41,-2.223,B2IV,-0.225,-88.774682,-45.96956,-89.0322,-0.00000605,0.00001587,-0.000016,3.619397055624665,-0.7275877825439949,-0.0000001261000383,-0.000000098805028,Nu,,Cen,1,67251,,674.8387308707573,Nu,3.427,3.397
74167,74395,134505,5649,GJ 9512A,Zet Lup,,15.20476,-52.099247,35.9712,-113.94,-71.0,-10.0,3.41,0.63,G8III,0.918,-14.765283,-16.43956,-28.383941,-0.00000406,0.00002522,0.00000046,3.9805969035288085,-0.9093033999049888,-0.0000005523967076,-0.000000344217713,Zet,,Lup,1,74167,GJ 9512,48.75284901033863,,,
102091,102422,198149,7957,Gl 807,3Eta Cep,,20.754811,61.838782,14.2653,86.08,817.89,-86.8,3.41,2.639,K0IV,0.912,4.44524,-5.055924,12.575933,-0.00005612,0.00007285,-0.00005157,5.433596751616642,1.0792903488728463,0.0000004173276162,0.000003965242611,Eta,3,Cep,1,102091,,7.6630207227391915,,,
111676,112029,214923,8634,,42Zet Peg,Homam,22.691033,10.831364,62.6566,77.38,-10.98,7.0,3.41,-0.575,B8.5V,-0.086,57.962157,-20.678728,11.774377,0.00001511,0.00001956,-0.00000193,5.9404986235522275,0.1890429712152575,0.000000375148826,-0.000000053232542,Zet,42,Peg,1,111676,,147.91083881682073,,,
8777,8796,11443,544,Gl 78.1,2Alp Tri,Mothallah,1.884696,29.578829,19.4175,12.02,-233.69,-16.2,3.42,1.979,F6IV,0.488,14.872602,7.99818,9.584806,-0.00000366,-0.00000069,-0.00002731,0.49341234590278854,0.5162479585904625,0.0000000582746044,-0.00000113296109,Alp,2,Tri,1,8777,,14.073431383183483,Alp,3.429,3.409
78148,78384,143118,5948,,Eta Lup,,16.002036,-38.396706,135.5014,-16.58,-27.06,8.0,3.42,-2.24,B2.5IV,-0.206,-53.049208,-91.997111,-84.160334,-0.00000712,0.00000945,-0.00001901,4.189323310656553,-0.6701489499175838,-0.0000000803821082,-0.000000131190581,Eta,,Lup,1,78148,,685.488226452662,,,
86705,86974,161797,6623,Gl 695A,86Mu  Her,,17.774319,27.720676,8.3105,-291.42,-750.0,-16.7,3.42,3.822,G5IV,0.75,-0.434406,-7.3437,3.865655,-0.00001166,0.00000175,-0.00003469,4.653305863614756,0.483817070102215,-0.0000014128440279,-0.000003636102604,Mu,86,Her,1,86705,Gl 695,2.5775078699705363,,,
102064,102395,197051,7913,,Bet Pav,,20.749314,-66.203212,41.425,-42.4,10.57,10.0,3.42,0.334,A5IV,0.163,11.018527,-12.568841,-37.903223,-0.0000024,-0.00001018,-0.0000085,5.432157735341245,-1.1554640326079475,-0.0000002055610006,0.000000051244806,Bet,,Pav,1,102064,,64.0324324468947,,,
44952,45080,79351,3659,,,,9.182804,-58.966896,136.9863,-17.67,14.14,23.0,3.43,-2.253,B2IV,-0.19,-52.268405,47.490561,-117.37957,-0.00000704,0.00002225,-0.00001532,2.404052503417448,-1.0291664791642776,-0.0000000856665774,0.000000068552654,,,Car,1,44952,,693.7452139421235,V357,3.444,3.424
50193,50335,89025,4031,,36Zet Leo,Adhafera,10.278171,23.417311,84.0336,19.84,-7.3,-16.0,3.43,-1.192,F0III,0.307,-69.409312,33.594777,33.397009,0.00000893,-0.0000133,-0.00000923,2.6908188936365494,0.4087091723252675,0.0000000961870342,-0.000000035391398,Zet,36,Leo,1,50193,,261.09586865859336,,,
93510,93805,177756,7236,,16Lam Aql,,19.10415,-4.882554,37.9219,-19.68,-90.37,-12.0,3.43,0.536,B9Vn,-0.096,10.770638,-36.216543,-3.227659,-0.00000736,0.00001204,-0.00001551,5.001454653150843,-0.08521664660357625,-0.0000000954113323,-0.000000438126123,Lam,16,Aql,1,93510,,53.161839507396266,,,
50230,50372,89021,4033,,33Lam UMa,Tania Borealis,10.284952,42.914365,42.1585,-170.11,-42.64,18.0,3.45,0.326,A2IV,0.029,-27.815454,13.402145,28.706022,-0.0000024,0.00003975,0.00000615,2.69259416873017,0.7489969631601612,-0.000000824716552,-0.000000206724553,Lam,33,UMa,1,50230,,64.50598332848317,,,
3814,3821,4614,219,Gl 34A,24Eta Cas,Achird,0.81826,57.815187,5.9531,1087.11,-559.65,8.2,3.46,4.586,G0V SB,0.587,3.098462,0.674227,5.038376,0.00001105,0.00003451,-0.0000015,0.2142198755075235,1.0090653769770737,0.0000052704580027,-0.000002713259763,Eta,24,Cas,1,3814,Gl  34,1.2752637064597296,Eta,3.507,3.457
5353,5364,6805,334,GJ 3075,31Eta Cet,,1.143164,-10.182264,37.9939,215.81,-138.33,12.9,3.46,0.561,K2III,1.161,35.733354,11.025427,-6.716585,-0.00000361,0.00004048,-0.00002741,0.29927957191853505,-0.177714035124185,0.000001046276404,-0.000000670642764,Eta,31,Cet,1,5353,,51.95172830110675,,,
38713,38827,65575,3117,,Chi Car,,7.946313,-52.98236,139.47,-28.38,16.76,19.0,3.46,-2.262,B3IVp,-0.177,-40.958494,73.302689,-111.359983,0.00000663,0.00002747,-0.00000869,2.080339758086428,-0.924716624020745,-0.0000001375901225,0.000000081254772,Chi,,Car,1,38713,,699.5197810512135,Chi,3.467,3.457
74438,74666,135722,5681,,49Del Boo,,15.258376,33.314833,37.3413,84.84,-110.57,-12.0,3.46,0.599,G8III,0.961,-20.5232,-23.506036,20.509246,0.00001108,-0.00001066,-0.00002347,3.9946334660143576,0.5814535324882476,0.0000004113159266,-0.000000536058486,Del,49,Boo,1,74438,,50.164905677322295,,,
12673,12706,16970,804,Gl 106.1A,86Gam Cet,Kaffaljidhma,2.721678,3.235818,24.4081,-146.43,-145.27,-5.1,3.47,1.532,A3V,0.093,18.440324,15.931398,1.377729,0.00000812,-0.00001588,-0.00001746,0.7125335102641163,0.05647568647271125,-0.0000007099126724,-0.000000704288833,Gam,86,Cet,1,12673,Gl 106.1,21.242224773886967,,,
67259,67472,120324,5193,,Mu  Cen,,13.826943,-42.473732,155.0388,-23.85,-19.22,9.0,3.47,-2.482,B2IV-Ve,-0.17,-101.522043,-52.633292,-104.690333,-0.00000562,0.00001728,-0.00001687,3.6198851442544506,-0.7413064633354037,-0.0000001156280628,-0.000000093181189,Mu,,Cen,1,67259,,856.6432555816563,Mu,3.484,3.424
49441,49583,87737,3975,,30Eta Leo,,10.122209,16.762664,389.1051,-1.94,-0.53,3.0,3.48,-4.47,A0Ib,-0.031,-328.449984,175.868859,112.220999,-0.00000112,0.00000475,-0.00000007,2.6499881097028775,0.29256368451677,-0.0000000094053854,-0.000000002569512,Eta,30,Leo,1,49441,,5345.643593969719,,,
81583,81833,150997,6220,,44Eta Her,,16.714933,38.922254,33.3111,35.58,-84.98,8.0,3.48,0.867,G8III-IV,0.916,-8.555377,-24.463195,20.928253,0.00000048,-0.00001604,-0.00000554,4.375959256346191,0.6793214920466812,0.0000001724967075,-0.000000411994665,Eta,44,Her,1,81583,,39.192232245497664,,,
8087,8102,10700,509,Gl 71,52Tau Cet,,1.734479,-15.93748,3.6502,-1721.82,854.07,-17.0,3.49,5.678,G8V,0.727,3.154083,1.539508,-1.00226,0.00000207,-0.00003289,0.00001931,0.4540854403344977,-0.27816150132824125,-0.0000083476189145,0.000004140648201,Tau,52,Cet,1,8087,,0.46644452520377955,,,
33769,33856,52877,2646,,22Sig CMa,Nganurganity,7.028652,-27.93483,343.6426,-6.01,4.64,22.0,3.49,-4.191,K4III,1.729,-80.775471,292.659236,-160.9853,0.0000034,0.00002532,-0.00000371,1.8400968600486058,-0.4875547651656525,-0.0000000291373022,0.000000022495354,Sig,22,CMa,1,33769,,4134.281080471351,Sig,3.546,3.446
55055,55219,98262,4377,,54Nu  UMa,Alula Borealis,11.307983,33.094306,122.399,-26.61,27.51,-9.0,3.49,-1.949,K3III SB,1.4,-100.864256,18.476143,66.832099,0.0000192,0.00001254,0.00000865,2.960423095171947,0.5776045970071263,-0.0000001290089204,0.000000133372243,Nu,54,UMa,1,55055,,524.3243172456372,,,
73327,73555,133208,5602,,42Bet Boo,Nekkar,15.032436,40.390566,69.0608,-40.2,-29.22,-20.0,3.49,-0.706,G8III,0.956,-36.876434,-37.508062,44.750903,-0.00000312,0.00001602,-0.00002071,3.935482540667879,0.7049483564526262,-0.0000001948950996,-0.000000141662557,Bet,42,Boo,1,73327,,166.87835113653907,,,
90143,90422,169467,6897,,Alp Tel,,18.449561,-45.968459,85.1789,-16.68,-53.33,-0.2,3.49,-1.162,B3IV,-0.179,6.951907,-58.794382,-61.23999,-0.00000872,0.00001506,-0.00001516,4.830083836414433,-0.8023009573224312,-0.0000000808669219,-0.000000258551135,Alp,,Tel,1,90143,,253.98028137728156,,,
112263,112623,215789,8675,GJ 9796,Eps Gru,,22.809239,-51.316864,39.5257,108.47,-65.93,-3.0,3.49,0.506,A3V,0.083,23.513371,-7.577057,-30.854309,-0.00000484,0.00002339,-0.0000055,5.971444798427243,-0.8956482338295162,0.0000005258773993,-0.000000319637659,Eps,,Gru,1,112263,,54.651237451987186,,,
32672,32759,50013,2538,,13Kap CMa,,6.830683,-32.508478,202.0202,-9.18,4.04,14.0,3.5,-3.027,B1.5IVne,-0.116,-36.758571,166.353338,-108.570651,0.00000571,0.00001581,-0.00000436,1.788268719573411,-0.56737996961837,-0.0000000445058959,0.000000019586472,Kap,13,CMa,1,32672,,1415.1419329314303,Kap,3.586,3.436
35453,35550,56986,2777,Gl 271A,55Del Gem,Wasat,7.335383,21.98232,18.5391,-18.72,-7.76,-15.3,3.5,2.16,F0IV...,0.374,-5.888392,16.151258,6.939513,0.00000646,-0.00001281,-0.0000065,1.9203987458751912,0.38366386981151623,-0.000000090757121,-0.000000037621541,Del,55,Gem,1,35453,Gl 271,11.912420080273744,,,
112364,112724,216228,8694,,32Iot Cep,,22.82802,66.200408,35.3482,-66.1,-124.74,-12.0,3.5,0.758,K0III,1.053,13.598133,-4.30834,32.34218,0.0000105,-0.00001521,-0.00001985,5.976361767958875,1.1554150783798813,-0.0000003204618428,-0.000000604756585,Iot,32,Cep,1,112364,,43.33112852118382,,,
98026,98337,189319,7635,,12Gam Sge,,19.979285,19.492148,79.2393,64.37,22.58,-33.0,3.51,-0.985,K5III,1.571,36.997433,-64.89161,26.440286,0.00000429,0.0000424,-0.00000309,5.230564514652454,0.34020215587062874,0.0000003120745662,0.000000109470929,Gam,12,Sge,1,98026,,215.77444091526667,,,
112389,112748,216131,8684,GJ 4298,48Mu  Peg,Sadalbari,22.833385,24.601579,32.5309,144.11,-43.44,15.3,3.51,0.949,M2III,0.933,28.209183,-8.893887,13.542862,0.00002312,0.00001654,0.00000029,5.977766089318706,0.42937855822320753,0.000000698664995,-0.000000210603062,Mu,48,Peg,1,112389,,36.3412616064223,,,
17336,17378,23249,1136,Gl 150,23Del Eri,Rana,3.720806,-9.763395,9.0408,-91.71,742.23,-5.1,3.52,3.739,K0IV,0.915,5.006502,7.370189,-1.533131,0.00000354,-0.00000195,0.00003294,0.9741048015520187,-0.17040338171491623,-0.0000004446226264,0.000003598432581,Del,23,Eri,1,17336,,2.782274657675122,Del,3.531,3.511
47373,47508,83808,3852,,14Omi Leo,Subra,9.685843,9.892308,39.9521,-143.67,-37.45,27.0,3.52,0.512,A5V+...,0.516,-32.353394,22.412883,6.863686,-0.00000754,0.00003907,-0.0000024,2.53574770934662,0.17265334432617377,-0.0000006965318149,-0.000000181562723,Omi,14,Leo,1,47373,,54.35005651294466,,,
48635,48774,86440,3940,,Phi Vel,,9.947708,-54.56779,487.8049,-13.13,2.83,14.0,3.52,-4.921,B5Ib,-0.067,-242.953038,144.739494,-397.464518,0.00000408,0.00003371,-0.00000779,2.6043037440096826,-0.9523876069480137,-0.0000000636560363,0.000000013720227,Phi,,Vel,1,48635,,8098.41447325789,,,
92133,92420,174638,7106,,10Bet Lyr,Sheliak,18.834665,33.362667,294.9853,1.1,-4.46,-19.0,3.52,-3.829,A8:V comp SB,0.003,53.40884,-240.514817,162.223134,-0.00000122,0.00001276,-0.00001601,4.930903798663317,0.5822883858014625,0.0000000053329505,-0.00000002162269,Bet,10,Lyr,1,92133,,2962.1019360527675,Bet,4.259,3.329
92793,93085,175775,7150,,37Xi 2Sgr,,18.962167,-21.106654,111.9821,34.91,-12.33,-20.0,3.52,-1.726,G8/K0II/III,1.151,26.037848,-101.172397,-40.325267,0.000013,0.00002554,0.00000112,4.964283623923989,-0.3683806110533525,0.0000001692484559,-0.000000059777526,Xi-2,37,Sgr,1,92793,,426.97259404803344,,,
109081,109427,210418,8450,GJ 9771,26The Peg,Biham,22.169996,6.197865,28.2965,281.96,31.23,-7.9,3.52,1.261,A2V,0.086,24.963846,-12.967714,3.054948,0.00001029,0.00003824,0.00000339,5.8040912730807195,0.10817314881398,0.0000013669806537,0.000000151407312,The,26,Peg,1,109081,,27.264654585290064,,,
118838,,110380,4826,Gl 482B,29Gam Vir,,12.694171,-1.449235,11.8301,-559.96,6.84,-19.6,3.52,3.155,F0 V,,-11.630574,-2.137246,-0.299172,0.00001389,0.00003521,0.0000009,3.3233262358657183,-0.02529392369485,-0.0000027147626856,0.000000033166103,Gam,29,Vir,2,61748,Gl 482,4.7643098680541565,,,
20837,20889,28305,1409,,74Eps Tau,Ain,4.476943,19.180431,44.964,107.23,-36.77,39.0,3.53,0.266,K0III,1.014,16.488448,39.136798,14.772771,-0.00000589,0.00004622,0.00000553,1.1720610098249595,0.3347616811725875,0.0000005198657097,-0.00000017826599,Eps,74,Tau,1,20837,,68.17105263058534,,,
40411,40526,69267,3249,,17Bet Cnc,Tarf,8.275256,9.185545,93.0233,-46.8,-48.65,22.0,3.53,-1.313,K4III,1.481,-51.522087,76.015371,14.84954,0.00000304,0.00003313,-0.00001807,2.166456903687978,0.16031799820876877,-0.0000002268928025,-0.000000235861855,Bet,17,Cnc,1,40411,,291.87708481971424,,,
56174,56343,100407,4450,,Xi  Hya,,11.550038,-31.857625,39.7456,-209.09,-41.6,-5.0,3.54,0.544,G8III,0.947,-33.524411,3.96759,-20.978114,0.00001325,0.000039,-0.00000411,3.0237928921519095,-0.5560204497217962,-0.0000010136969247,-0.000000201682491,Xi,,Hya,1,56174,,52.77156817648117,,,
77280,77516,141513,5881,,32Mu  Ser,,15.827002,-3.430208,52.0021,-98.07,-27.41,-9.0,3.54,-0.04,A0V,-0.036,-27.963131,-43.733196,-3.11142,-0.00001566,0.00002141,-0.00000635,4.143499522753205,-0.05986841876500375,-0.0000004754567765,-0.000000132887429,Mu,32,Ser,1,77280,,90.36494737223013,,,
85998,86263,159876,6561,,55Xi  Ser,,17.626445,-15.398557,32.2789,-39.3,-61.27,-43.0,3.54,0.995,F0IIIp,0.262,-3.038557,-30.971085,-8.570974,-0.00000173,0.00004533,0.00000243,4.614592525846956,-0.2687555231467425,-0.0000001905317765,-0.000000297045342,Xi,55,Ser,1,85998,,34.833731503601165,,,
19992,20042,27376,1347,,41Ups4Eri,,4.298237,-33.798348,54.5554,62.31,-6.75,18.0,3.55,-0.134,B9V,-0.108,19.536379,40.910335,-30.347713,-0.00000871,0.00002001,-0.00001172,1.125275935264788,-0.5898924503430762,0.0000003020874044,-0.000000032724923,Ups-4,41,Eri,1,19992,,98.53715068586186,,,
27220,27288,38678,1998,Gl 217.1,14Zet Lep,,5.782595,-14.82195,21.6076,-14.84,-1.18,16.3,3.55,1.877,A2Vann,0.104,1.188275,20.854933,-5.52761,0.00000247,0.00001597,-0.00000438,1.5138797624694358,-0.25869182905700877,-0.0000000719463502,-0.000000005720801,Zet,14,Lep,1,27220,,15.459662193866743,,,
69773,69996,125238,5354,,Iot Lup,,14.323396,-46.058093,103.6269,-12.81,-3.79,22.0,3.55,-1.527,B2.5IV,-0.184,-59.012186,-41.092372,-74.616044,-0.00001537,-0.00000286,-0.00001752,3.7498562745844657,-0.8038653707763325,-0.0000000621046325,-0.000000018374438,Iot,,Lup,1,69773,,355.4675819990699,,,
89660,89937,170153,6927,Gl 713A,44Chi Dra,,18.350736,72.732843,8.0574,531.08,-351.59,32.0,3.55,4.019,F7Vvar,0.489,0.219434,-2.381656,7.694536,0.00002275,-0.00002083,0.00002718,4.804211383049329,1.2694275841313336,0.0000025747484947,-0.000001704556419,Chi,44,Dra,1,89660,Gl 713,2.1498096103893576,,,
98924,99240,190248,7665,Gl 780,Del Pav,,20.145157,-66.182068,6.1084,1210.29,-1130.34,-21.7,3.55,4.62,G5IV-Vvar,0.751,1.313772,-2.087713,-5.587991,0.00000926,0.00005259,0.00000678,5.273989828950576,-1.155094997375865,0.0000058676514944,-0.000005480042956,Del,,Pav,1,98924,,1.23594743344451,,,
1559,1562,1522,74,,8Iot Cet,,0.323799,-8.823921,84.1751,-14.37,-37.84,19.0,3.56,-1.066,K2III,1.214,82.880324,7.042663,-12.912353,0.00001727,-0.00000442,-0.00001824,0.08477025140739841,-0.15400648121809002,-0.0000000696677259,-0.000000183453496,Iot,8,Cet,1,1559,,232.4877101501645,,,
10578,10602,14228,674,,Phi Eri,,2.275154,-51.512165,47.1254,90.75,-21.9,10.0,3.56,0.194,B8IV-V,-0.12,24.277871,16.454316,-36.88702,-0.0000096,0.00001854,-0.00001112,0.5956338357236322,-0.899056877024215,0.0000004399684151,-0.000000106174196,Phi,,Eri,1,10578,,72.84504232923301,,,
55118,55282,98430,4382,,12Del Crt,,11.322347,-14.778541,56.9476,-124.47,206.61,-5.0,3.56,-0.217,K0III,1.112,-54.199405,9.717642,-14.52639,-0.00000339,0.00003552,0.00005646,2.9641835698336036,-0.25793420535648126,-0.0000006034475882,0.000001001673545,Del,12,Crt,1,55118,,106.36530750764376,,,
82294,82545,151985,6252,,Mu 2Sco,Pipirima,16.872263,-38.017536,145.3488,-12.92,-23.8,1.0,3.56,-2.252,B2IV,-0.21,-33.31875,-109.554458,-89.520712,-0.00000594,0.00001176,-0.00001384,4.4171480579181335,-0.6635311696244812,-0.0000000626379275,-0.000000115385655,Mu-2,,Sco,1,82294,,693.1065451499361,,,
37633,37740,62345,2985,,77Kap Gem,,7.740793,24.397993,43.3463,-22.45,-56.24,21.0,3.57,0.385,G8III,0.932,-17.374205,35.446541,17.905243,-0.00000652,0.00002402,-0.00000189,2.0265349136441264,0.42582530023188625,-0.0000001088406713,-0.000000272659213,Kap,77,Gem,1,37633,,61.09420249055721,,,
44343,44471,77327,3594,,12Kap UMa,Alkaphrah,9.060427,47.156525,109.8901,-37.37,-55.39,4.0,3.57,-1.635,A1Vn,0.007,-53.667801,51.996165,80.572997,-0.00000368,0.00003129,-0.00001707,2.372014221719866,0.8230366182899013,-0.0000001811748724,-0.000000268538297,Kap,12,UMa,1,44343,,392.6449353995997,,,
70828,71053,127665,5429,,25Rho Boo,,14.5305,30.371437,49.0918,-100.44,120.22,-14.0,3.57,0.115,K3III,1.298,-33.395248,-26.051319,24.820934,0.00000644,0.00003534,0.00001744,3.8040759432149684,0.5300815758763024,-0.0000004869468608,0.000000582843006,Rho,25,Boo,1,70828,,78.34296427662116,,,
74948,75177,136422,5705,,Phi1Lup,,15.36344,-36.261376,84.317,-91.85,-86.03,-29.0,3.57,-1.06,K5III,1.534,-43.289327,-52.423754,-49.870803,-0.00000048,0.00005838,-0.00001081,4.022139099613051,-0.6328804084955787,-0.0000004453013656,-0.000000417085209,Phi-1,,Lup,1,74948,,231.20647901755964,,,
35253,35350,56537,2763,GJ 9231A,54Lam Gem,,7.30155,16.540383,30.931,-46.09,-37.9,-9.2,3.58,1.128,A3V...,0.106,-9.909037,27.946222,8.805756,0.00000899,-0.00000467,-0.00000813,1.911541309807028,0.28868414423664,-0.0000002234506254,-0.000000183744384,Lam,54,Gem,1,35253,GJ 9231,30.817684166115118,,,
99743,100064,192947,7754,,6Alp2Cap,Algedi,20.300904,-12.544852,32.4465,61.78,2.85,0.7,3.58,1.024,G6/G8III,0.883,17.945333,-26.097385,-7.047505,0.00000846,0.00000485,0.00000028,5.314764237781554,-0.21894896809959627,0.0000002995178918,0.000000013817189,Alp-2,6,Cap,1,99743,,33.91563869058218,,,
7593,7607,9927,464,,51    And,Nembus,1.633205,48.628213,54.3183,60.9,-112.42,16.0,3.59,-0.085,K3III,1.275,32.669331,14.886999,40.762548,0.00002341,0.00002829,-0.00000729,0.42757205945090027,0.8487224280090337,0.0000002952515315,-0.000000545027539,,51,And,1,7593,,94.18895965228413,,,
24614,24674,34503,1735,,20Tau Ori,,5.293442,-6.844409,151.5152,-15.31,-9.57,20.0,3.59,-2.312,B5III,-0.115,27.668638,147.869248,-18.056628,0.00001463,0.00001707,-0.00000942,1.3858197865314732,-0.11945747897085375,-0.0000000742249745,-0.000000046396669,Tau,20,Ori,1,24614,,732.4871326650403,,,
27006,27072,38393,1983,Gl 216A,13Gam Lep,,5.741057,-22.448382,8.927,-292.42,-368.45,-9.7,3.59,3.836,F7V,0.481,0.558889,8.231515,-3.40875,0.00001159,-0.00001608,-0.00001095,1.503005147193559,-0.3917981800900525,-0.0000014176921647,-0.000001786296006,Gam,13,Lep,1,27006,Gl 216,2.5444856151466353,,,
57584,57757,102870,4540,Gl 449,5Bet Vir,Zavijava,11.844922,1.764718,10.929,740.96,-271.18,4.3,3.59,3.397,F8V,0.518,-10.914853,0.443379,0.336562,-0.00000643,-0.00003903,-0.00001423,3.1009932624101655,0.0308001382197925,0.0000035922754474,-0.000001314717738,Bet,5,Vir,1,57584,,3.8124135110429895,,,
60075,60260,107446,4700,,Eps Cru,Ginan,12.356031,-60.401147,70.4722,-171.06,91.82,-5.0,3.59,-0.65,K3/K4III,1.389,-34.656852,-3.239447,-61.275879,-0.00003008,0.00005588,0.00001994,3.234801339430033,-1.0541988798856914,-0.000000829322282,0.000000445155921,Eps,,Cru,1,60075,,158.48931924611142,,,
6523,6537,8512,402,,45The Cet,,1.40039,-8.183257,34.8918,-78.38,-206.88,17.0,3.6,0.886,K0III,1.065,32.241501,12.380133,-4.96651,0.00001617,-0.00000799,-0.00003711,0.36662135102657534,-0.1428247700972425,-0.0000003799969628,-0.000001002982542,The,45,Cet,1,6523,,38.51234824289314,,,
32932,33018,50019,2540,,34The Gem,,6.879816,33.961254,57.971,-2.66,-47.67,21.0,3.6,-0.216,A3III,0.102,-10.97736,46.812348,32.384569,-0.00000505,0.0000248,0.00000089,1.801131679159616,0.5927356987815412,-0.0000000128960439,-0.000000231110681,The,34,Gem,1,32932,,106.26738654024653,,,
42416,42536,74195,3447,,,,8.671554,-52.921887,151.2859,-24.62,35.09,16.0,3.6,-2.299,B3IV,-0.168,-58.71851,69.796529,-120.698168,-0.00000575,0.00003488,0.00000246,2.2702075565901287,-0.9236611784402,-0.0000001193611282,0.00000017012112,Omi,,Vel,1,42416,,723.7690370745288,Omi,3.623,3.573
46518,46651,82434,3786,Gl 351A,Psi Vel,,9.511674,-40.466769,18.8147,-147.14,48.65,8.8,3.6,2.228,F2IV,0.371,-11.382585,8.679058,-12.210922,0.0000004,0.00001657,-0.00000247,2.490150478145066,-0.7062783622087687,-0.0000007133548496,0.000000235861855,Psi,,Vel,1,46518,Gl 351,11.189224819552425,,,
76235,76470,139063,5794,,39Ups Lib,,15.61707,-28.135079,68.5871,-13.26,-3.48,-25.0,3.6,-0.581,K3III,1.361,-35.331726,-49.089777,-32.34227,0.00000991,0.00002132,0.00001104,4.088539276494927,-0.491049770625765,-0.000000064286294,-0.000000016871516,Ups,39,Lib,1,76235,,148.73048700465293,,,
85467,85727,158094,6500,,Del Ara,,17.518318,-60.683848,60.6796,-53.65,-99.37,10.0,3.6,-0.315,B8V,-0.104,-3.736759,-29.474564,-52.908519,-0.00001308,0.0000223,-0.00002323,4.586284984102778,-1.0591329523943476,-0.0000002601025396,-0.000000481759354,Del,,Ara,1,85467,,116.41260294104909,,,
13176,13209,17573,838,,41    Ari,Bharani,2.833063,27.260507,50.7872,65.47,-116.59,4.0,3.61,0.081,B8Vn,-0.1,33.287607,30.498162,23.26243,0.00000149,0.00002322,-0.00002364,0.7416942123157708,0.4757856031126375,0.0000003174075167,-0.00000056524427,,41,Ari,1,13176,,80.83510373900673,,,
15861,15900,21120,1030,,1Omi Tau,,3.413554,9.02887,89.2061,-74.25,-80.31,-21.0,3.61,-1.142,G8III,0.887,55.200207,68.663325,13.999272,0.00001515,-0.0000324,-0.00003767,0.8936663372261192,0.1575835061536725,-0.0000003599741578,-0.000000389353866,Omi,1,Tau,1,15861,,249.34461880978301,,,
49700,49841,88284,3994,,41Lam Hya,,10.176467,-12.354083,34.5066,-200.33,-100.28,19.0,3.61,0.92,K0III,1.007,-29.938956,15.487743,-7.382812,0.00000173,0.00003684,-0.00002054,2.6641927557615954,-0.21561942299763248,-0.0000009712272463,-0.000000486171158,Lam,41,Hya,1,49700,,37.32501577957206,,,
63411,63613,112985,4923,,Del Mus,,13.037759,-71.548855,27.8707,263.58,-23.28,37.0,3.61,1.384,K2III,1.19,-8.497455,-2.367379,-26.438289,0.00000089,-0.00003672,-0.00003689,3.413277236379118,-1.24876309756546,0.0000012778718992,-0.000000112864624,Del,,Mus,1,63411,,24.344451836922016,,,
86661,86929,160635,6582,,Eta Pav,,17.762221,-64.723871,107.9914,-11.08,-56.37,-8.0,3.61,-1.557,K1III,1.161,-2.868557,-46.020948,-97.652295,-0.00000391,0.00003048,-0.0000052,4.650138602973136,-1.1296446602828714,-0.0000000537173558,-0.000000273289471,Eta,,Pav,1,86661,,365.4264677506526,,,
7083,7097,9270,437,,99Eta Psc,Alpherg,1.524725,15.345823,107.1811,25.73,-3.29,15.0,3.62,-1.531,G8III,0.974,95.233975,40.171366,28.364911,0.00000885,0.00001824,0.00000241,0.3991719864974001,0.26783513743426246,0.00000012474256,-0.00000001595037,Eta,99,Psc,1,7083,,356.77958828856265,,,
17805,17847,23850,1178,,27    Tau,Atlas,3.819373,24.053415,117.2333,17.77,-44.7,9.0,3.62,-1.725,B8III,-0.07,57.849417,90.077197,47.782936,0.00000164,0.00002124,-0.00001945,0.9999094198246715,0.41981129577249376,0.000000086151391,-0.000000216711715,,27,Tau,1,17805,,426.57951880159254,,,
37711,37819,63032,3017,,,,7.754249,-37.968584,347.2222,-10.77,5.97,17.0,3.62,-4.083,K4III,1.706,-121.341631,245.368054,-213.621366,0.00000743,0.00002586,-0.00000277,2.0300577261237076,-0.66267680174546,-0.0000000522144334,0.000000028943376,,,Pup,1,37711,,3742.8291224080526,,,
82477,82729,152334,6271,,Zet2Sco,,16.909731,-42.361313,40.568,-126.55,-227.77,-19.0,3.62,0.579,K4III,1.393,-8.440449,-28.763155,-27.33475,-0.00001134,0.00004975,-0.00002001,4.426957198597514,-0.73934438227605,-0.0000006135317127,-0.00000110426012,Zet-2,,Sco,1,82477,,51.09754090546759,,,
113366,113726,217675,8762,,1Omi And,Alfarasalkamil,23.032017,42.325979,210.5263,22.47,0.24,-14.0,3.62,-2.997,B6pv SB,-0.099,150.676276,-39.022904,141.757338,-0.00000466,0.0000249,-0.00000946,6.029767825204297,0.73872769518108,0.000000108937634,0.000000001163552,Omi,1,And,1,113366,,1376.5753865094157,Omi,3.686,3.586
57190,57363,102249,4520,,Lam Mus,,11.760141,-66.728763,38.9864,-100.42,33.21,16.0,3.63,0.675,A7III,0.16,-15.372609,0.966692,-35.814787,-0.00001102,0.00001971,-0.00001255,3.0787977930633925,-1.164636613192049,-0.000000486849898,0.000000161006623,Lam,,Mus,1,57190,,46.77351412871981,,,
101442,101769,196524,7882,,6Bet Del,Rotanev,20.625816,14.595087,30.931,118.28,-47.65,-23.0,3.64,1.188,F5IV,0.425,18.994041,-23.134214,7.794139,0.00000041,0.00002746,-0.00001284,5.399826077579187,0.25473232362996745,0.0000005734376214,-0.000000231013718,Bet,6,Del,1,101442,,29.16083798521233,,,
20155,20205,27371,1346,,54Gam Tau,Prima Hyadum,4.329889,15.627642,49.5295,115.29,-23.86,39.0,3.65,0.176,G8III,0.981,20.197375,43.211662,13.342572,-0.00000816,0.00004792,0.00000523,1.1335623407398079,0.27275381183024,0.0000005589416923,-0.000000115676544,Gam,54,Tau,1,20155,,74.06277836681546,,,
46600,46733,81937,3757,GJ 3559,23    UMa,,9.525453,63.061861,23.8152,107.55,26.86,-10.4,3.65,1.766,F0IV,0.36,-8.603035,6.510645,21.231076,-0.00000145,-0.00001448,-0.00000808,2.4937578753997425,1.1006371004333475,0.0000005214171134,0.000000130220954,,23,UMa,1,46600,,17.123794212449283,,,
76997,77233,141003,5867,,28Bet Ser,Zhou,15.769793,15.421826,47.5511,68.54,-41.31,-1.0,3.65,0.264,A3V,0.073,-25.268927,-38.245168,12.644945,0.00001233,-0.00001,-0.00000945,4.128522152548846,0.26916163258035375,0.0000003322912967,-0.000000200276531,Bet,28,Ser,1,76997,,68.29674408079636,,,
88439,88714,165024,6743,,The Ara,,18.11052,-50.091477,249.3766,-8.43,-9.26,3.0,3.65,-3.334,B2Ib,-0.101,4.628533,-159.924037,-191.28926,-0.00001038,0.00000632,-0.00000954,4.741323177389309,-0.8742612018202776,-0.0000000408697933,-0.000000044893746,The,,Ara,1,88439,,1877.5866989193503,,,
110614,110960,213051,8558,,55Zet1Aqr,,22.480531,-0.019972,28.169,191.32,37.47,29.0,3.65,1.401,F3III-IV,0.406,25.969719,-10.912416,-0.009819,0.00003747,0.0000126,0.00000511,5.88538928502342,-0.0003485764777475,0.0000009275455336,0.000000181659686,Zet-1,55,Aqr,1,110614,,23.96624529408638,,,
75466,75695,137909,5747,,3Bet CrB,Nusakan,15.463818,29.105703,34.2818,-181.39,86.84,-19.0,3.66,0.985,F0p,0.319,-18.45833,-23.589253,16.675351,-0.00000895,0.00003748,0.00000316,4.0484181742190675,0.50799034185675,-0.0000008794035352,0.0000004210122,Bet,3,CrB,1,75466,,35.15604405282981,Bet,3.683,3.653
76365,76600,139365,5812,,40Tau Lib,,15.64427,-29.777754,112.4859,-22.1,-26.54,3.0,3.66,-1.595,B2.5V,-0.177,-56.468031,-79.646617,-55.864673,-0.00000721,0.00001066,-0.00001409,4.0956602634915455,-0.5197198478585625,-0.0000001071438234,-0.00000012866955,Tau,40,Lib,1,76365,,378.44258471709315,,,
68537,68756,123299,5291,,11Alp Dra,Thuban,14.073165,64.37585,92.9368,-56.52,17.19,-13.0,3.67,-1.171,A0III SB,-0.049,-34.416017,-20.758849,83.796391,-0.00000225,0.00002838,-0.00000864,3.6843459063539425,1.1235705482203713,-0.0000002740166922,0.000000083339471,Alp,11,Dra,1,68537,,256.09435171567696,,,
102895,103227,198700,7986,,Bet Ind,,20.913498,-58.454155,187.6173,21.06,-24.75,-5.0,3.67,-2.696,K0III,1.25,67.818551,-70.96183,-159.891518,-0.00000126,0.00002904,-0.00000742,5.47514089939041,-1.0202174619246187,0.0000001021017611,-0.000000119991385,Bet,,Ind,1,102895,,1043.277881459965,,,
22496,22549,30836,1552,,3Pi 4Ori,,4.853434,5.605104,322.5806,-3.62,1.03,23.0,3.68,-3.863,B2III SB,-0.157,94.925539,306.683598,31.506969,0.00001228,0.00002054,0.0000039,1.2706261564352666,0.097827518693825,-0.0000000175502552,0.00000000499358,Pi-4,3,Ori,1,22496,,3056.3282803659663,,,
42709,42828,74575,3468,,Alp Pyx,,8.726539,-33.186385,269.5418,-14.28,10.6,15.0,3.68,-3.473,B1.5III,-0.18,-147.689477,170.508984,-147.537653,0.00000073,0.00002765,0.00000319,2.284602472225306,-0.5792116933353125,-0.0000000692313936,0.00000005139025,Alp,,Pyx,1,42709,,2134.027442848977,,,
97056,97365,187076,7536,,7Del Sge,,19.789795,18.534286,182.1494,-4.58,11.1,3.0,3.68,-2.622,M2II + B6,1.313,77.993677,-154.087523,57.900217,-0.0000037,-0.00000164,0.00001027,5.180956247710918,0.3234843158752825,-0.0000000222044666,0.000000053814318,Del,7,Sge,1,97056,,974.5407417663063,Del,3.734,3.624
113980,114341,218594,8812,,88    Aqr,Safina,23.157443,-21.17241,82.9876,55.99,31.25,21.0,3.68,-0.915,K1III,1.202,75.510914,-16.931759,-29.973162,0.0000289,0.0000166,0.00000397,6.062604388162823,-0.36952825733759376,0.0000002714471797,0.000000151504275,,88,Aqr,1,113980,,202.30191786782717,,,
2914,2920,3360,153,,17Zet Cas,Fulu,0.616188,53.896909,181.8182,17.77,-9.15,2.0,3.69,-2.608,B2IV,-0.196,105.743565,17.207892,146.901502,0.00000511,0.0000167,-0.0000031,0.16131768182467154,0.9406785238460538,0.000000086151391,-0.000000044360451,Zet,17,Cas,1,2914,,962.0552191862149,,,
8989,9007,11937,566,Gl 81A,Chi Eri,,1.932564,-51.608896,17.8508,681.24,284.23,-6.3,3.69,2.432,G5IV,0.844,9.696827,5.372709,-13.991232,-0.00001521,0.00005897,0.00002032,0.5059440330162774,-0.900745155623165,0.0000033027447174,0.000001377985924,Chi,,Eri,1,8989,Gl  81,9.272567425805942,,,
23398,23453,32068,1612,,8Zet Aur,Saclateni,5.041301,41.075837,240.9639,8.88,-21.43,13.0,3.69,-3.22,K4II comp,1.154,45.114162,175.957014,158.327189,-0.00000347,0.00002822,-0.00001013,1.3198096307002298,0.7169086049137537,0.0000000430514548,-0.000000103895571,Zet,8,Aur,1,23398,,1690.440931643265,Zet,3.716,3.676
47719,47854,84810,3884,,,,9.754117,-62.507903,478.4689,-12.88,8.28,3.0,3.69,-4.709,G5Iab/Ib,1.01,-183.781936,122.513039,-424.437591,0.00000122,0.00003509,0.00000614,2.5536217696149817,-1.0909687167524948,-0.0000000624440021,0.000000040142572,,,Car,1,47719,,6661.929002234552,L,3.989,3.269
57226,57399,102224,4518,,63Chi UMa,Taiyangshou,11.767515,47.779406,56.3063,-138.38,28.37,-9.0,3.69,-0.063,K0III,1.181,-37.766969,2.301619,41.698309,0.0000142,0.00003698,-0.00000161,3.0807281737547525,0.8339079474893587,-0.0000006708851712,0.000000137541641,Chi,63,UMa,1,57226,,92.29963848404535,,,
106642,106985,206088,8278,GJ 4209,40Gam Cap,Nashira,21.668181,-16.662308,48.1464,187.39,-22.33,-31.2,3.69,0.277,A7III:mp...,0.32,37.793496,-26.44095,-13.804954,-0.0000012,0.00005422,0.00000416,5.672716509308115,-0.2908121292653225,0.000000908492356,-0.000000108258894,Gam,40,Cap,1,106642,,67.4838730870757,Gam,3.694,3.684
15436,15474,20720,1003,,16Tau4Eri,,3.325278,-21.757864,93.3707,51.35,32.2,42.0,3.7,-1.151,M3/M4III,1.614,55.881991,66.313063,-34.611249,0.00001142,0.00004962,-0.00000239,0.8705556573284685,-0.37974636103745624,0.000000248951825,0.000000156110005,Tau-4,16,Eri,1,15436,,251.42010301590201,Tau-4,3.73,3.66
87661,87933,163993,6703,,92Xi  Her,,17.962744,29.24788,41.9463,82.33,-18.73,-2.0,3.7,0.587,K0III,0.935,-0.356945,-36.596981,20.49449,0.00001674,-0.00000024,-0.00000432,4.702635394537153,0.5104717994509825,0.0000003991471032,-0.000000090805602,Xi,92,Her,1,87661,,50.72242398926514,,,
114609,114971,219615,8852,,6Gam Psc,,23.286094,3.282289,42.3012,760.35,17.96,-14.0,3.7,0.568,G7III,0.916,41.496215,-7.847237,2.421966,0.00001472,0.0001559,0.00000286,6.096285055957177,0.057286747884698744,0.0000036862808201,0.000000087072537,Gam,6,Psc,1,114609,,51.61786054966728,,,
22744,22797,31237,1567,,8Pi 5Ori,,4.904193,2.440672,411.5226,1.43,0.23,23.0,3.71,-4.362,B2III SB,-0.179,116.339905,394.346209,17.52465,0.00000391,0.00002333,0.00000146,1.2839148436623118,0.04259776275687125,0.0000000069328356,0.000000001115071,Pi-5,8,Ori,1,22744,,4839.4944930166275,Pi-5,3.733,3.683
28032,28103,40136,2085,Gl 225,16Eta Lep,,5.940082,-14.1677,14.8787,-42.23,139.02,-1.4,3.71,2.847,F1V,0.337,0.226289,14.424355,-3.64172,0.00000306,0.00000102,0.00001007,1.5551097155528486,-0.2472730146051925,-0.0000002047368173,0.000000673987978,Eta,16,Lep,1,28032,,6.327031548665008,,,
38304,38414,64440,3080,,,,7.870288,-40.575786,108.1081,-13.89,5.3,24.0,3.71,-1.459,G5III...,1.012,-38.618552,72.465137,-70.319408,-0.00000319,0.00002147,-0.00001386,2.060436618769573,-0.7081810611676562,-0.0000000673406202,0.000000025695125,,,Pup,1,38304,,333.8873767251231,,,
77386,77622,141795,5892,GJ 3921,37Eps Ser,,15.846935,4.47773,21.5983,127.98,61.87,-9.1,3.71,2.038,A2m,0.147,-11.504554,-18.201236,1.686207,0.00001655,0.00000111,0.00000573,4.148717865064799,0.07815113359946001,0.0000006204645484,0.000000299954224,Eps,37,Ser,1,77386,,13.32907464231338,,,
88494,88771,165777,6771,GJ 9615A,72    Oph,,18.122496,9.563847,26.6312,-61.6,79.71,-23.9,3.71,1.583,A4IVs,0.159,0.842022,-26.247342,4.424647,-0.00000878,0.00002554,0.00000609,4.744458288854262,0.16692062239361,-0.0000002986452272,0.000000386444984,,72,Oph,1,88494,GJ 9615,20.267491520989655,,,
97725,98036,188512,7602,Gl 771A,60Bet Aql,Alshain,19.921887,6.406763,13.6986,46.35,-481.32,-40.7,3.71,3.027,G8IVvar,0.855,6.563854,-11.925647,1.528534,-0.00001553,0.0000346,-0.00003641,5.215537811222483,0.11181911582943875,0.0000002247111409,-0.000002333505207,Bet,60,Aql,1,97725,Gl 771,5.360434578161428,,,
16496,16537,22049,1084,Gl 144,18Eps Eri,Ran,3.548848,-9.458262,3.2161,-976.44,17.97,16.9,3.72,6.183,K2V,0.881,1.89897,2.541426,-0.528523,0.00002243,0.00000458,-0.00000256,0.9290861752463538,-0.1650778156910925,-0.0000047339147024,0.000000087121018,Eps,18,Eri,1,16496,,0.2929543829769431,Eps,3.735,3.715
17457,17499,23302,1142,,17    Tau,Electra,3.747927,24.113339,124.0695,21.55,-44.92,12.0,3.72,-1.748,B6III,-0.105,62.965631,94.124106,50.687766,0.00000159,0.00002569,-0.00001965,0.9812049121767964,0.42085716243983123,0.0000001044773482,-0.000000217778305,,17,Tau,1,17457,,435.7124805030843,,,
28287,28358,40035,2077,,33Del Aur,,5.992111,54.284656,38.6399,86.31,-134.05,8.0,3.72,0.785,K0III,1.01,0.046526,22.55637,31.372845,-0.00001612,0.0000252,-0.00000801,1.5687310663735172,0.9474459814385425,0.0000004184426877,-0.000000649892738,Del,33,Aur,1,28287,,42.26686142656028,,,
103725,104060,200905,8079,,62Xi  Cyg,,21.082184,43.927852,258.3979,8.6,0.35,-20.0,3.72,-3.341,K5Ibv SB,1.609,134.394395,-128.732159,179.263939,-0.00000341,0.00001818,-0.00001387,5.519302740822295,0.7666856508474112,0.0000000416939765,0.000000001696847,Xi,62,Cyg,1,103725,,1889.7310544316758,,,
16044,16083,21364,1038,,2Xi  Tau,,3.45282,9.73268,64.1026,53.61,-38.12,-2.0,3.73,-0.304,B9Vn,-0.082,39.077692,49.645163,10.836642,-0.0000131,0.00001029,-0.00001202,0.9039461732003738,0.16986730590396876,0.0000002599086141,-0.000000184810975,Xi,2,Tau,1,16044,,115.23913771994866,Xi,3.812,3.722
71994,72220,130109,5511,,109    Vir,,14.770812,1.892885,41.2371,-116.04,-21.75,-6.0,3.73,0.654,A0V,-0.005,-30.838211,-27.343068,1.362104,-0.00001091,0.00002133,-0.00000455,3.866989601444294,0.03303708233896875,-0.0000005625777949,-0.000000105446975,,109,Vir,1,71994,,47.68699981017778,,,
87314,87585,163588,6688,,32Xi  Dra,Grumium,17.892134,56.872643,34.5066,93.65,78.44,-26.0,3.73,1.04,K2III,1.177,-0.532395,-18.850278,28.897629,0.00001638,0.00002507,-0.0000151,4.684149845745104,0.9926148695186963,0.0000004540280118,0.000000380287851,Xi,32,Dra,1,87314,,33.419504002611426,,,
106746,107089,205478,8254,Gl 835.1,Nu  Oct,,21.691253,-77.390046,21.1999,64.83,-240.38,34.4,3.73,2.098,K0III,1.008,3.808297,-2.630174,-20.688835,-0.00000973,0.00001482,-0.00003973,5.678756758166205,-1.350711116207344,0.0000003143047091,-0.000001165395125,Nu,,Oct,1,106746,,12.612465753175385,,,
112601,112961,216386,8698,,73Lam Aqr,,22.87691,-7.579599,118.0638,19.51,32.71,-9.0,3.73,-1.631,M2IIIvar,1.626,112.009754,-33.916636,-15.573012,-0.00000313,0.00001262,0.00001977,5.989161012637554,-0.1322889624026525,0.0000000945871491,0.000000158582554,Lam,73,Aqr,1,112601,,391.20103938735105,Lam,3.773,3.703
8628,8645,11353,539,,55Zet Cet,Baten Kaitos,1.857676,-10.335038,72.0461,38.78,-38.04,9.0,3.74,-0.548,K2III,1.136,62.65906,33.12747,-12.925362,-0.00000043,0.00001509,-0.00001472,0.48633841109402154,-0.180380435702335,0.0000001880107453,-0.000000184423124,Zet,55,Cet,1,8628,,144.27796231294775,,,
79928,80170,147547,6095,,20Gam Her,,16.365338,19.15313,59.0667,-47.44,44.61,-35.0,3.74,-0.117,A9III,0.299,-23.156213,-50.764845,19.379328,0.00000341,0.00004021,0.00000032,4.284435404538413,0.3342851844095925,-0.0000002299956101,0.000000216275382,Gam,20,Her,1,79928,,97.00631337839567,Gam,3.758,3.738
104549,104887,202444,8130,Gl 822.1A,65Tau Cyg,,21.246517,38.045317,20.3417,195.74,410.02,-23.1,3.74,2.198,F1IV,0.393,12.034413,-10.573279,12.536148,-0.00001996,0.00004323,0.00001728,5.56232510752511,0.6640160455392137,0.0000009489742983,0.000001987833053,Tau,65,Cyg,1,104549,Gl 822.1,11.502705477901149,Tau,3.748,3.738
44383,44511,78004,3614,,,,9.069248,-47.097737,91.8274,-46.82,-9.57,24.0,3.75,-1.065,K2III,1.174,-44.9964,43.39387,-67.265198,0.00000469,0.00002444,-0.00002088,2.374323600839554,-0.8220105799708537,-0.0000002269897652,-0.000000046396669,,,Vel,1,44383,,232.2736796357105,,,
86839,87108,161868,6629,,62Gam Oph,Bake-eo,17.798211,2.707276,31.5159,-23.15,-75.12,-7.0,3.75,1.257,A0V,0.043,-1.662293,-31.436744,1.488597,-0.00000318,0.00000679,-0.0000118,4.659560805949289,0.047250882319685,-0.000000112234367,-0.000000364192036,Gam,62,Oph,1,86839,,27.365286541924664,,,
26004,26069,37350,1922,,Bet Dor,,5.560421,-62.489825,308.642,1.06,12.56,7.0,3.76,-3.687,F6Ia,0.64,16.370231,141.620663,-273.743541,0.00000072,0.00002002,0.00000233,1.4557149089664687,-1.0906531991897674,0.000000005139025,0.000000060892598,Bet,,Dor,1,26004,,2598.962421108662,Bet,4.087,3.407
27585,27654,39364,2035,,15Del Lep,,5.855357,-20.879089,34.8675,228.96,-647.96,99.0,3.76,1.048,G8III/IV,0.984,1.233354,32.555386,-12.426988,-0.00003657,0.000057,-0.00013841,1.5329289597572762,-0.364408841238835,0.000001110029403,-0.000003141398724,Del,15,Lep,1,27585,,33.17416496945389,,,
30794,30867,45725,2356,,11Bet Mon,,6.480297,-7.033062,207.4689,-7.0,-4.97,20.0,3.76,-2.825,B3Ve,-0.113,-25.823011,204.282357,-25.402943,0.00000452,0.00002042,-0.00000747,1.6965378440516206,-0.12275009683334125,-0.0000000339369576,-0.000000024095239,Bet,11,Mon,1,30794,,1174.8975549395302,Bet,3.808,3.738
93388,93683,177241,7217,GJ 9641,39Omi Sgr,,19.07805,-21.741496,43.554,76.26,-58.08,27.2,3.76,0.565,K0III,1.012,11.267032,-38.85539,-16.133344,0.0000214,-0.00001597,-0.00002169,4.9946216800404875,-0.37946068282311873,0.0000003697189128,-0.000000281579785,Omi,39,Sgr,1,93388,,51.760683195056785,,,
95554,95853,184006,7420,,10Iot2Cyg,,19.495098,51.729779,37.2024,20.92,128.12,-20.0,3.76,0.907,A5Vn,0.148,8.790467,-21.299308,29.207404,-0.00000827,0.00002992,-0.00000175,5.1038046204514425,0.9028549610037613,0.000000101423022,0.000000621143287,Iot-2,10,Cyg,1,95554,,37.77461093882191,,,
110822,111169,213558,8585,,7Alp Lac,Stellio,22.521515,50.282491,31.4564,137.22,17.15,-4.0,3.76,1.271,A1V,0.031,18.613691,-7.587422,24.196371,0.00000362,0.00002112,-0.00000148,5.896118962036659,0.8775950305235275,0.0000006652613325,0.000000083145546,Alp,7,Lac,1,110822,,27.014690729572468,,,
13234,13268,17506,834,,15Eta Per,Miram,2.844945,55.895496,269.5418,16.64,-13.76,-1.0,3.77,-3.383,K3Ib comp SB,1.69,111.116108,102.442422,223.184985,-0.00000421,0.00002569,-0.00001093,0.7448048908887189,0.9755604422843326,0.0000000806729964,-0.000000066710362,Eta,15,Per,1,13234,,1964.264645879858,,,
17487,17529,23230,1135,,41Nu  Per,,3.753232,42.578549,170.6485,-14.59,1.75,-13.0,3.77,-2.391,F5IIvar,0.425,69.722894,104.539005,115.460753,0.00000407,-0.00001566,-0.00000793,0.9825938160747351,0.7431358632370912,-0.000000070734316,0.000000008484239,Nu,41,Per,1,17487,,787.7710195856797,,,
20405,20455,27697,1373,,61Del1Tau,Secunda Hyadum,4.382247,17.542514,47.7099,107.75,-28.84,39.0,3.77,0.377,G8III,0.983,18.695965,41.472036,14.380508,-0.00000626,0.00004675,0.00000566,1.147269650883982,0.3061746305726813,0.0000005223867408,-0.000000139820265,Del-1,61,Tau,1,20405,,61.54602373713163,,,
26484,26549,37468,1931,,48Sig Ori,,5.645769,-2.600069,328.9474,4.61,-0.4,29.0,3.77,-3.816,O9.5V...,-0.19,30.430713,327.196967,-14.922443,-0.00000458,0.00003015,-0.00000198,1.4780588365617184,-0.0453797619684725,0.0000000223499107,-0.000000001939254,Sig,48,Ori,1,26484,,2926.846862378789,,,
41195,41312,71878,3347,GJ 3499,Bet Vol,,8.428951,-66.13689,32.9707,-35.83,-152.15,27.4,3.77,1.179,K2IIIvar,1.132,-7.921708,10.731349,-30.152411,0.00001108,-0.00000537,-0.00003547,2.2066943350485095,-1.1543064893851225,-0.0000001737087417,-0.000000737644014,Bet,,Vol,1,41195,,29.40356573672507,,,
42452,42570,74180,3445,,,,8.677103,-46.648744,100000.0,-6.3,4.29,25.0,3.77,-16.23,F3Ia,0.67,-44268.895114,52465.832585,-72715.89497,0.00134764,0.0031387,0.00140904,2.2716603077464583,-0.8141741820130725,-0.0000000305432619,0.000000020798506,,,Vel,1,42452,,270395836.4108846,,,
82112,82363,151249,6229,,Eta Ara,,16.82976,-59.041378,91.7431,39.59,-25.28,9.0,3.77,-1.043,K5III,1.562,-14.233672,-44.996851,-78.673358,0.00001827,-0.00000063,-0.00001368,4.406020750455191,-1.0304664384078575,0.0000001919377361,-0.000000122560898,Eta,,Ara,1,82112,,227.6145393141645,,,
101629,101958,196867,7906,,9Alp Del,Sualocin,20.660635,15.912072,77.821,54.14,7.91,-3.0,3.77,-0.685,B9V,-0.057,48.015095,-57.406003,21.335542,0.00001325,0.00001599,0.00000203,5.408941596683609,0.2777180455516675,0.0000002624781267,0.000000038348762,Alp,9,Del,1,101629,,163.68165214278085,,,
105540,105881,204075,8204,,34Zet Cap,,21.444452,-22.411332,118.2033,-2.61,18.88,3.0,3.77,-1.593,G4Ibp...,1.002,85.717547,-67.776385,-45.065401,0.00000453,-0.00000549,0.00000883,5.614144324280676,-0.3911515410878075,-0.0000000126536371,0.000000091532822,Zet,34,Cap,1,105540,,377.7461093882191,,,
108830,109176,210027,8430,Gl 848,24Iot Peg,,22.116847,25.345112,11.7261,296.73,26.93,-5.5,3.77,3.424,F5V,0.435,9.335368,-5.015491,5.019565,0.00000293,0.00001757,-0.00000102,5.7901768826418,0.442355645402835,0.0000014385876343,0.000000130560324,Iot,24,Peg,1,108830,,3.7187758332493557,,,
34389,34481,55865,2736,,Gam2Vol,,7.145788,-70.498932,42.8633,23.71,108.06,3.0,3.78,0.62,G8IIIvar,1.006,-4.22812,13.669876,-40.404484,-0.00001126,0.00001974,0.0000046,1.870763031806582,-1.2304384759654488,0.0000001149493237,0.000000523889663,Gam-2,,Vol,1,34389,,49.20395356814509,,3.871,3.741
35946,36046,58207,2821,,60Iot Gem,,7.428779,27.79808,36.9004,-121.28,-84.43,8.0,3.78,0.945,G9III+...,1.024,-11.927106,30.38497,17.208794,0.00001498,0.00002122,-0.00000954,1.944849859157222,0.48516802737833753,-0.0000005879820318,-0.00000040932819,Iot,60,Gem,1,35946,,36.47539469256078,,,
48182,48319,84999,3888,,29Ups UMa,,9.849867,59.038735,35.6379,-294.45,-151.75,27.0,3.78,1.02,F0IV,0.291,-15.505407,9.784196,30.560252,-0.00000388,0.0000626,0.00001019,2.578689055078529,1.0304203195833501,-0.0000014275338824,-0.00000073570476,Ups,29,UMa,1,48182,,34.04081897010009,Ups,3.813,3.743
53099,53253,94510,4257,Gl 404.1,,,10.891559,-58.853171,29.129,79.75,38.65,8.1,3.78,1.458,K0III-IV...,0.945,-14.436596,4.310989,-24.92996,-0.0000118,-0.00000823,-0.00000427,2.851403499090465,-1.0271816044207387,0.0000003866389102,0.000000187380487,,,Car,1,53099,,22.740499508958955,,,
71569,71795,129246,5477,,30Zet Boo,,14.68582,13.7283,53.8793,52.36,-12.71,-6.0,3.78,0.123,A3IVn,0.044,-39.925583,-33.844144,12.786515,0.00001279,-0.00000709,-0.00000468,3.8447386001738773,0.2396040388265925,0.0000002538484431,-0.000000061619818,Zet,30,Boo,1,71569,,77.76783344557053,,,
102287,102618,198001,7950,,2Eps Aqr,Albali,20.794598,-9.495776,63.6943,31.89,-35.32,-16.0,3.78,-0.241,A1V,0.0,41.969653,-46.744809,-10.507937,-0.00000466,0.00001993,-0.00000806,5.444012900811973,-0.16573255031667125,0.0000001546070827,-0.000000171236191,Eps,2,Aqr,1,102287,,108.74267195462436,,,
14632,14668,19476,941,,27Kap Per,Misam,3.158258,44.857544,34.5662,173.01,-142.05,29.0,3.79,1.097,K0III,0.98,16.593574,18.028979,24.381331,0.00000428,0.00004746,0.00000405,0.8268300972913014,0.7829118300689613,0.0000008387761487,-0.000000688677833,Kap,27,Per,1,14632,,31.71027438947892,,,
53075,53229,94264,4247,,46    LMi,Praecipua,10.888526,34.214871,29.0867,92.47,-286.06,16.0,3.79,1.472,K0III-IV,1.04,-23.041794,6.900625,16.355475,-0.00003843,-0.0000021,-0.00002415,2.8506094506880912,0.5971621529923775,0.0000004483072104,-0.000001386858014,,46,LMi,1,53075,,22.4491550756959,,,
14843,14879,20010,963,Gl 127A,Alp For,Dalim,3.201249,-28.987618,14.2369,371.49,612.26,-20.0,3.8,3.033,F8V,0.543,8.329775,9.25728,-6.899408,-0.00001733,0.00001907,0.00004687,0.8380850470504916,-0.5059293771979,0.0000018010343419,0.00000296832024,Alp,,For,1,14843,Gl 127,5.330893422367013,,,
37124,37229,61555,2948,,,,7.647186,-26.803836,106.2699,-17.0,23.08,24.0,3.8,-1.332,B5IV,-0.159,-39.647242,86.168417,-47.921159,-0.00000344,0.00002843,-0.00000046,2.0020287378396504,-0.4678151949187762,-0.0000000824183257,0.000000111894997,,,Pup,1,37124,,297.0297844017863,,,
76044,76276,138917,5788,,13Del Ser,,15.580041,10.538867,69.9301,-72.63,3.17,-38.0,3.8,-0.423,F0IV,0.268,-40.700384,-55.408101,12.790326,0.00000289,0.00004553,-0.00000605,4.078845208948458,0.18393792547518875,-0.0000003521201762,0.000000015368593,Del,13,Ser,1,76044,,128.58786926343993,Del,3.823,3.783
94484,94779,181276,7328,,1Kap Cyg,,19.28504,53.368459,38.0662,60.22,122.93,-29.0,3.8,0.897,K0III,0.95,7.497777,-21.43943,30.547504,-0.00000136,0.00003756,-0.00001027,5.048811732604486,0.9314553318377488,0.0000002919547984,0.000000595981457,Kap,1,Cyg,1,94484,,38.124135110429904,,,
99356,99675,192577,7735,,31    Cyg,,20.227196,46.741329,271.0027,4.2,1.87,-8.0,3.8,-3.365,K2II+...,1.27,102.254717,-155.030652,197.362343,0.00000053,0.00000921,-0.00000427,5.295467486169028,0.8157900813276312,0.0000000203621746,0.000000009066015,,31,Cyg,1,99356,,1931.9683170169242,V695,3.908,3.788
21340,21393,29291,1464,,52Ups2Eri,Theemin,4.592512,-30.562341,65.5738,-48.92,-12.75,-4.0,3.81,-0.274,G8III,0.957,20.338212,52.67393,-33.342657,0.0000125,-0.00001081,-0.00000141,1.2023168237550403,-0.5334134848702601,-0.0000002371708525,-0.000000061813744,Ups-2,52,Eri,1,21340,,112.0985512875314,,,
51087,51232,90853,4114,,,,10.464649,-58.739403,411.5226,-13.25,2.21,9.0,3.81,-4.262,F2II,0.317,-196.531535,83.545339,-351.776134,0.00000248,0.00002767,-0.00000558,2.739638763919139,-1.0251959842491576,-0.0000000642378127,0.000000010714382,,,Car,1,51087,,4413.671434634397,,,
76716,76952,140436,5849,,8Gam CrB,,15.712381,26.295637,44.7828,-112.52,50.7,-11.0,3.81,0.554,A1Vs,0.02,-22.633064,-33.161033,19.838868,-0.00001174,0.00002613,0.00000488,4.113491793766908,0.45894545075469,-0.0000005455123534,0.000000245800536,Gam,8,CrB,1,76716,,52.28775553134414,Gam,3.827,3.797
116218,116584,222107,8961,GJ 9832,16Lam And,Udkadua,23.626056,46.458152,26.4061,159.22,-421.46,6.8,3.81,1.701,G8III-IV,0.984,18.103691,-1.77795,19.141071,0.00004568,0.00001599,-0.00003212,6.185286913302995,0.8108477121622925,0.0000007719203422,-0.000002043295738,Lam,16,And,1,116218,,18.18025623774263,Lam,3.951,3.741
9467,9487,12446,595,,113Alp Psc,Alrescha,2.034117,2.763759,46.1681,33.29,-0.42,9.0,3.82,0.498,A2,0.024,39.728779,23.413015,2.226137,0.00000414,0.00001109,0.00000035,0.5325304992016497,0.04823670218310125,0.0000001613944743,-0.000000002036217,Alp,113,Psc,1,9467,,55.055409848479435,Alp,3.832,3.812
45557,45688,80081,3690,,38    Lyn,,9.314069,36.802597,38.2702,-32.61,-123.78,4.0,3.82,0.906,A1V,0.066,-23.374361,19.815176,22.926164,-0.00000908,0.00001563,-0.00001594,2.4384175526447645,0.6423264861042363,-0.0000001580977412,-0.000000600102373,,38,Lyn,1,45557,,37.80941866832965,,,
56044,56211,100029,4434,,1Lam Dra,Giausar,11.523407,69.331076,102.145,-41.14,-18.79,7.0,3.82,-1.226,M0IIIvar,1.613,-35.773586,4.486959,95.570558,-0.00000861,0.00002161,0.00000341,3.0168208397919534,1.2100555469057126,-0.0000001994523482,-0.00000009109649,Lam,1,Dra,1,56044,,269.40149410636695,,,
80637,80883,148857,6149,,10Lam Oph,Marfik,16.515229,1.983923,53.0786,-31.37,-73.0,-14.0,3.82,0.195,A2V,0.022,-20.104527,-49.089266,1.837527,-0.00000229,0.0000157,-0.00001927,4.323676728247048,0.0346259902526225,-0.0000001520860516,-0.000000353913986,Lam,10,Oph,1,80637,,72.77798045368239,,,
86148,86414,160762,6588,,85Iot Her,,17.657747,46.006332,139.47,-7.17,3.97,-20.0,3.82,-1.902,B3V SB,-0.179,-8.66837,-96.48418,100.3369,-0.00000338,0.00001651,-0.00001285,4.622787277840017,0.8029619654121513,-0.0000000347611409,0.000000019247103,Iot,85,Her,1,86148,,502.1113054699537,Iot,3.831,3.811
50924,51069,90432,4094,,42Mu  Hya,,10.434842,-16.83629,71.7875,-128.51,-80.06,40.0,3.83,-0.45,K4III,1.456,-63.022703,27.373482,-20.792498,-0.0000107,0.0000534,-0.00003852,2.7318351614519676,-0.29384870124103,-0.0000006230340609,-0.000000388141832,Mu,42,Hya,1,50924,,131.82567385564073,,,
68027,68245,121743,5248,,Phi Cen,,13.971186,-42.100753,161.0306,-23.68,-19.82,6.0,3.83,-2.205,B2IV,-0.224,-103.91994,-58.957456,-107.960807,-0.00000406,0.00001895,-0.00001559,3.657648026466054,-0.7347967637881212,-0.0000001148038796,-0.000000096090071,Phi,,Cen,1,68027,,663.7430704019089,,,
72144,72370,129078,5470,,Alp Aps,Paradys,14.797701,-79.044751,136.9863,-5.67,-15.75,-1.0,3.83,-1.853,K5III,1.433,-19.356924,-17.40793,-134.489842,0.00000526,0.0000098,-0.00000098,3.874029003471813,-1.3795911541338475,-0.0000000274889357,-0.000000076358154,Alp,,Aps,1,72144,,479.95442493194446,,,
17398,17440,23817,1175,Gl 154.2,Bet Ret,,3.736593,-64.806903,29.8597,308.39,78.72,50.8,3.84,1.465,K0IV SB,1.133,7.098485,10.543736,-27.019807,-0.00001892,0.00005183,-0.00004216,0.9782377562729578,-1.1310938276033713,0.0000014951169095,0.000000381645329,Bet,,Ret,1,17398,,22.59435770220978,,,
17406,17448,23180,1131,,38Omi Per,Atik,3.738648,32.288248,343.6426,8.11,-10.32,19.0,3.84,-3.841,B1III,0.022,162.113525,241.065988,183.56674,0.00000308,0.00002879,-0.00000415,0.9787756370359081,0.5635362392132537,0.0000000393183895,-0.000000050032771,Omi,38,Per,1,17406,,2995.021883751126,Omi,3.862,3.822
20833,20885,28307,1411,,77The1Tau,,4.476248,15.962181,47.3261,104.76,-15.01,40.0,3.84,0.464,G7III,0.952,17.673807,41.929015,13.014908,-0.0000065,0.00004645,0.00000794,1.1718790300446027,0.2785926082578362,0.0000005078908118,-0.000000072770533,The-1,77,Tau,1,20833,,56.8067574106772,,,
43659,43783,76728,3571,,,,8.917457,-60.644609,98.0392,-28.18,42.24,25.0,3.84,-1.117,B8III,-0.104,-33.242229,34.710992,-85.450746,-0.0000111,0.00003095,-0.00001244,2.3345847815706673,-1.0584481041286424,-0.0000001366204952,0.000000204785298,,,Car,1,43659,,243.6688423459584,,,
51475,51624,91316,4133,,47Rho Leo,Shaomin,10.546853,9.306586,100000.0,-5.57,-3.59,42.0,3.84,-16.16,B1Ib SB,-0.148,-91628.219948,36643.48097,16171.724913,0.00070196,0.00262737,-0.00171048,2.7611597327139323,0.16243055970790377,-0.000000027004122,-0.000000017404811,Rho,47,Leo,1,51475,,253512863.0497907,,,
51837,51986,92139,4167,,,,10.621717,-48.22562,26.8384,-131.48,-1.58,19.0,3.84,1.696,A3m+...,0.3,-16.728402,6.3126,-20.015507,-0.00000593,0.00002052,-0.00001463,2.780758919461012,-0.8416958540254901,-0.0000006374330272,-0.000000007660056,,,Vel,1,51837,,18.264172487743544,,,
61008,61199,109026,4773,,Gam Mus,,12.541134,-72.132988,99.6016,-50.59,-5.16,3.0,3.84,-1.151,B5V,-0.157,-30.252522,-4.314584,-94.79796,-0.00000203,0.00002438,-0.00000368,3.2832611289116413,-1.2589581458933687,-0.000000245267241,-0.000000025016385,Gam,,Mus,1,61008,,251.42010301590201,Gam,3.85,3.83
88517,88794,166014,6779,,103Omi Her,,18.125708,28.762488,103.6269,-0.17,7.51,-30.0,3.84,-1.237,B9.5V,-0.018,2.989087,-90.792184,49.863048,-0.00000103,0.00002869,-0.00001146,4.745299385788396,0.5020001245831863,-0.0000000008241833,0.000000036409507,Omi,103,Her,1,88517,,272.14477464543666,Omi,3.852,3.832
89064,89341,166937,6812,,13Mu  Sgr,Polis,18.229392,-21.058834,100000.0,1.72,-1.39,-6.0,3.84,-16.16,B2III:,0.195,5600.996443,-93152.961403,-35932.639895,0.00081743,0.00029745,-0.00062662,4.77244354896446,-0.3675459839654625,0.0000000083387953,-0.00000000673891,Mu,13,Sgr,1,89064,,253512863.0497907,Mu,3.928,3.808
97124,97433,188119,7582,,63Eps Dra,,19.80285,70.26793,45.3721,80.18,39.02,3.0,3.84,0.556,G8III,0.888,6.964788,-13.643765,42.707954,0.00001251,0.00001429,0.00000579,5.1843740243315795,1.2264067382751074,0.0000003887236091,0.000000189174298,Eps,63,Dra,1,97124,,52.19152658354482,,,
19697,19747,26967,1326,,Alp Hor,,4.233363,-42.294368,35.2609,41.89,-203.65,22.0,3.85,1.114,K1III,1.085,11.637776,23.342255,-23.728596,-0.00000943,-0.00000287,-0.00004089,1.1082917630239444,-0.7381759740767749,0.0000002030884508,-0.00000098732306,Alp,,Hor,1,19697,,31.21763510848165,,,
27253,27321,39060,2020,Gl 219,Bet Pic,,5.788079,-51.066514,19.4401,4.65,81.96,20.0,3.85,2.407,A3V,0.171,0.677437,12.19782,-15.122127,0.00000061,0.00001886,-0.00001106,1.5153156552585663,-0.891278807158695,0.0000000225438361,0.000000397353292,Bet,,Pic,1,27253,,9.488553267278009,,,
30204,30277,44762,2296,,Del Col,,6.368564,-33.4364,71.736,-24.19,-52.48,-3.0,3.85,-0.429,G7II,0.858,-5.767253,59.585068,-39.52731,0.00000959,-0.00001175,-0.00001354,1.6672861988312433,-0.5835752702644162,-0.0000001172764293,-0.000000254430219,Del,,Col,1,30204,,129.30043917962797,,,
50050,50191,88955,4023,,,,10.245607,-42.121942,31.0752,-150.68,49.84,7.0,3.85,1.388,A2V,0.051,-20.660362,10.218175,-20.842511,0.00000079,0.00002493,0.00000077,2.682293681974029,-0.7351665677275424,-0.0000007305172539,0.000000241631138,,,Vel,1,50050,,24.25492857109422,,,
61088,61281,109387,4787,,5Kap Dra,,12.558058,69.788238,150.3759,-58.14,11.42,-11.0,3.85,-2.036,B6IIIp,-0.116,-51.400013,-7.563147,141.115978,0.0000054,0.00004363,-0.00000768,3.2876918766316034,1.2180345244500674,-0.0000002818706739,0.000000055365722,Kap,5,Dra,1,61088,,568.0675741067723,Kap,3.859,3.829
61429,61622,109787,4802,,Tau Cen,,12.628394,-48.541304,40.2414,-186.61,-6.45,5.0,3.85,0.827,A2V,0.049,-26.283342,-4.363283,-30.158275,-0.00000837,0.00003551,-0.00000467,3.306105853780419,-0.8472055736167176,-0.0000009047108093,-0.000000031270482,Tau,,Cen,1,61429,,40.66305463404283,,,
77836,78072,142860,5933,Gl 603,41Gam Ser,,15.940882,15.661617,11.2537,311.2,-1282.17,6.6,3.85,3.594,F6V,0.478,-5.56255,-9.299226,3.038014,0.00000154,-0.0000305,-0.00006553,4.173313184476521,0.27334677981378874,0.0000015087401739,-0.000006216135567,Gam,41,Ser,1,77836,,3.179801427691526,,,
89860,90139,169414,6895,,109    Her,Tusizuo,18.394967,21.769752,36.4697,195.54,-242.92,-58.0,3.85,1.04,K2III,1.168,3.495833,-33.687362,13.525603,0.00003034,0.00004252,-0.00006188,4.815791066040871,0.37995385004282,0.000000948004671,-0.000001177709392,,109,Her,1,89860,,33.419504002611426,,,
90835,91117,171443,6973,,Alp Sct,,18.586785,-8.244073,61.0501,-18.98,-314.63,36.0,3.85,-0.078,K2III,1.317,9.245186,-59.708018,-8.754035,-0.00000202,-0.00002367,-0.00009743,4.8660089838456795,-0.14388621598122622,-0.0000000920176366,-0.000001525369283,Alp,,Sct,1,90835,,93.58365435835302,,,
4426,4436,5448,269,,37Mu  And,,0.945885,38.499345,39.7772,152.78,36.82,8.0,3.86,0.862,A5V,0.13,30.180673,7.630372,24.761577,-0.0000053,0.00002905,0.00001065,0.2476321701104851,0.6719403219484738,0.0000007406983412,0.000000178508397,Mu,37,And,1,4426,,39.37313537008504,,,
21541,21594,29503,1481,GJ 9160A,53    Eri,Sceptrum,4.63634,-14.30402,33.6814,-77.86,-178.06,41.8,3.86,1.223,K1III,1.082,11.405856,30.579706,-8.321655,0.00002388,0.00002764,-0.00003873,1.2137910800855978,-0.24965224051834126,-0.0000003774759317,-0.000000863259239,,53,Eri,1,21541,GJ 9160,28.235793691102995,,,
25794,25859,36597,1862,,Eps Col,,5.520209,-35.470519,80.7103,28.36,-34.11,-5.0,3.86,-0.675,K1II/III,1.13,8.234768,65.213718,-46.834868,-0.0000125,-0.00001043,-0.0000079,1.4451873070651484,-0.6190773399870275,0.0000001374931598,-0.000000165369946,Eps,,Col,1,25794,,162.18100973589299,,,
79423,79664,145544,6030,,Del TrA,,16.257297,-63.685682,186.2197,3.51,-13.49,-5.0,3.86,-2.49,G5II,1.105,-36.369544,-74.106715,-166.92277,0.00000865,0.00001044,-0.00000081,4.256150322898402,-1.111524831261944,0.0000000170169602,-0.000000065401365,Del,,TrA,1,79423,,862.9785477669702,,,
80819,81065,147675,6102,Gl 626.1,Gam Aps,,16.557609,-78.897148,47.9157,-125.68,-77.59,5.4,3.86,0.458,K0IV SB,0.923,-3.402312,-8.577006,-47.018913,-0.00002101,0.00002621,-0.00000889,4.334771780503956,-1.3770149964606724,-0.0000006093138337,-0.000000376166934,Gam,,Aps,1,80819,,57.12155216230428,,,
87537,87808,163770,6695,,91The Her,,17.93755,37.250539,230.9469,2.74,7.24,-27.0,3.86,-2.958,K1IIvar,1.35,-3.005409,-183.808118,139.792353,0.00000351,0.00002683,-0.00001026,4.69603961123408,0.6501445551294626,0.0000000132838948,0.00000003510051,The,91,Her,1,87537,,1328.0058862437309,,,
110049,110395,212061,8518,GJ 9779,48Gam Aqr,Sadachbia,22.360938,-1.387331,50.2008,129.24,8.9,-25.6,3.86,0.356,A0V,-0.057,45.635919,-20.880207,-1.215412,-0.00001067,0.00003947,0.0000028,5.8540797645155065,-0.02421350245135125,0.0000006265732008,0.000000043148417,Gam,48,Aqr,1,110049,,62.7480161997852,,,
17532,17573,23408,1149,,20    Tau,Maia,3.763779,24.367748,117.5088,21.09,-45.03,8.0,3.87,-1.48,B8III,-0.063,59.14718,89.215057,48.48319,-0.00000005,0.00002167,-0.00001999,0.9853551086630458,0.42529744177350004,0.0000001022472052,-0.0000002183116,,20,Tau,1,17532,,340.4081897010009,,,
42904,43023,75063,3487,,,,8.767124,-46.041527,568.1818,-12.23,4.82,24.0,3.87,-4.902,A1III,0.015,-261.370054,295.35393,-409.001899,0.0000076,0.00004224,-0.00000845,2.29522777618876,-0.8035762455298338,-0.0000000592927131,0.000000023368019,,,Vel,1,42904,,7957.927898970918,,,
68064,68282,121790,5249,,Ups1Cen,,13.977987,-44.803584,131.0616,-27.97,-21.69,5.0,3.87,-1.717,B2IV-V,-0.208,-80.799834,-46.030955,-92.356336,-0.00000351,0.00001845,-0.00001338,3.6594285674791185,-0.7819700581157613,-0.0000001356023865,-0.000000105156087,Ups-1,,Cen,1,68064,,423.44791616920764,,,
71731,71957,129502,5487,GJ 9491,107Mu  Vir,,14.717673,-5.658207,18.2715,104.23,-319.9,4.7,3.87,2.561,F2III,0.385,-13.771311,-11.872446,-1.801463,0.00000452,-0.00000829,-0.00002867,3.8530777945613686,-0.09875433454093499,0.0000005053212992,-0.000001550918964,Mu,107,Vir,1,71731,,8.233794052101345,,,
77868,78104,142669,5928,,5Rho Sco,Iklil,15.948077,-29.214073,144.7178,-15.2,-25.1,3.3,3.87,-1.933,B2IV/V,-0.199,-64.636099,-108.519131,-70.633018,-0.00000627,0.00001031,-0.00001702,4.175196831197805,-0.5098817647720387,-0.0000000736916794,-0.000000121688233,Rho,5,Sco,1,77868,,516.6542425669502,,,
97493,97804,187929,7570,,55Eta Aql,,19.874547,1.005661,423.7288,6.94,-7.3,-15.0,3.87,-4.265,F6Ibv SB,0.63,199.669191,-373.661462,7.43694,0.00000547,0.00002001,-0.00001526,5.203144132403107,0.0175520873252675,0.0000000336460694,-0.000000035391398,Eta,55,Aql,1,97493,,4425.88372362626,Eta,4.286,3.606
763,765,496,25,Gl 9.1,Eps Phe,,0.156836,-45.747426,44.2087,122.15,-180.13,-9.2,3.88,0.652,K0III,1.013,30.82377,1.266396,-31.665333,-0.00003526,0.00002475,-0.0000202,0.04105967874921949,-0.7984432093302175,0.0000005921999108,-0.000000873294882,Eps,,Phe,1,763,,47.7749234659094,,,
8813,8832,11502,546,,5Gam2Ari,Mesarthim,1.89217,19.293852,50.3018,79.43,-99.1,-1.0,3.88,0.372,A1p Si,-0.047,41.769649,22.568336,16.620371,-0.00000303,0.00002038,-0.00002315,0.4953689125156816,0.3367412380593763,0.0000003850875065,-0.000000480450357,Gam-2,5,Ari,1,8813,,61.83010727517132,Gam,3.892,3.872
48318,48455,85503,3905,,24Mu  Leo,Rasalas,9.879398,26.006951,38.0518,-216.29,-54.92,14.0,3.88,0.978,K0III,1.222,-29.062466,18.02588,16.685015,0.00000632,0.00004303,-0.00000283,2.5864202487192904,0.45390693122786124,-0.0000010486035097,-0.000000266259673,Mu,24,Leo,1,48318,,35.383435681472214,,,
74148,74376,134481,5646,,Kap1Lup,,15.198918,-48.737819,55.1876,-96.52,-47.97,-6.0,3.88,0.171,B9V,-0.029,-24.36173,-27.040918,-41.484457,-0.00001002,0.00002746,-0.00000385,3.979067417506061,-0.8506354049448176,-0.0000004679421645,-0.000000232565122,Kap-1,,Lup,1,74148,,74.40463661919195,,,
114059,114421,218670,8820,,Iot Gru,,23.17264,-45.246711,56.1798,132.42,-26.27,-4.0,3.88,0.132,K0III SB,0.998,38.629453,-8.500488,-39.895777,-0.00000002,0.00003693,-0.00000213,6.066583043414913,-0.7897040864048387,0.0000006419902758,-0.000000127360553,Iot,,Gru,1,114059,,77.12585649892138,,,
13667,13701,18322,874,,3Eta Eri,Azha,2.940458,-8.898144,41.8585,77.73,-219.99,-20.0,3.89,0.781,K1III-IV,1.088,29.694338,28.782724,-6.474577,-0.00003045,-0.00000754,-0.00004094,0.7698101253996465,-0.15530191723913125,0.0000003768456739,-0.000001066541615,Eta,3,Eri,1,13667,,42.42286549229506,,,
33065,33152,50877,2580,,16Omi1CMa,,6.902209,-24.184211,100000.0,-3.46,5.02,36.0,3.89,-16.11,K3Iab,1.74,-21346.953289,88690.467029,-40967.166217,0.00138958,0.00139444,0.00220488,1.8069941172226582,-0.4220941040455975,-0.0000000167745533,0.000000024337646,Omi-1,16,CMa,1,33065,,242102904.673618,Omi-1,4.086,3.826
45204,45336,79469,3665,,22The Hya,,9.239405,2.31428,34.7947,112.57,-306.07,-10.0,3.89,1.182,B9.5V,-0.06,-26.074955,22.995381,1.405035,-0.00000646,-0.00001962,-0.000052,2.4188706353541516,0.040391810144220004,0.0000005457547602,-0.000001483869232,The,22,Hya,1,45204,,29.322432823031154,,,
59945,60129,107259,4689,,15Eta Vir,Zaniah,12.331766,-0.666803,81.367,-59.14,-23.13,2.0,3.89,-0.662,A2IV,0.026,-81.054806,-7.05786,-0.946921,-0.00000396,0.00002307,-0.00000915,3.2284487342104065,-0.011637912202285,-0.0000002867188107,-0.000000112137404,Eta,15,Vir,1,59945,,160.25072388814195,,,
97799,98110,188947,7615,,21Eta Cyg,,19.938438,35.083424,41.3736,-34.0,-27.6,-27.0,3.89,0.806,K0IIIvar,1.019,16.453496,-29.589591,23.780105,-0.0000154,0.00001365,-0.0000204,5.219870818679301,0.6123212551749687,-0.0000001648366514,-0.000000133808575,Eta,21,Cyg,1,97799,,41.45720317867256,,,
47297,47431,83618,3845,,35Iot Hya,Ukdah,9.664267,-1.14281,80.7103,47.81,-62.92,23.0,3.9,-0.635,K3IIIvar,1.313,-66.071937,46.325951,-1.609728,-0.00002959,-0.0000021,-0.00002508,2.530099227157431,-0.01994579914171125,0.0000002317894207,-0.000000305044767,Iot,35,Hya,1,47297,,156.3147642640954,,,
55260,55425,98718,4390,,Pi  Cen,,11.350117,-54.491019,109.6491,-35.32,-2.2,9.0,3.9,-1.3,B5Vn,-0.157,-62.768014,10.783606,-89.257117,-0.00000115,0.00001925,-0.00000817,2.9714537086833204,-0.951047698326625,-0.000000171236192,-0.0000000106659,Pi,,Cen,1,55260,,288.40315031266056,,,
65729,65936,117440,5089,,,,13.517405,-39.407307,277.7778,-15.65,-11.25,-2.0,3.9,-3.318,G8II/III,1.186,-197.912019,-83.036359,-176.341407,0.00000217,0.00002377,-0.00001041,3.538848444108266,-0.6877872582384663,-0.000000075873341,-0.000000054541539,,,Cen,1,65729,,1850.1204347718585,,,
18860,18907,25490,1251,,38Nu  Tau,,4.052606,5.989305,35.8551,5.52,-1.63,-6.0,3.91,1.137,A1V,0.032,17.402678,31.124499,3.741217,-0.0000038,-0.00000483,-0.00000092,1.0609696511650075,0.10453309385345749,0.0000000267617152,-0.000000007902462,Nu,38,Tau,1,18860,,30.563282803659664,,,
41190,41307,71155,3314,,,,8.427676,-3.906424,37.5094,-66.05,-24.2,10.0,3.91,1.039,A0V,-0.012,-22.21508,30.115144,-2.555415,0.00000379,0.0000151,-0.00000509,2.206360325079935,-0.0681799535929625,-0.000000320219436,-0.00000011732491,,,Hya,1,41190,,33.45029868260137,,,
60635,60823,108483,4743,,Sig Cen,,12.467331,-50.230635,126.2626,-32.49,-12.41,8.0,3.91,-1.596,B3V,-0.192,-80.166328,-9.857284,-97.048731,-0.00000183,0.00001981,-0.00001115,3.263939693735308,-0.8766899644470487,-0.0000001575159648,-0.000000060165377,Sig,,Cen,1,60635,,378.7913037851569,,,
73579,73807,133242,5605,,Pi  Lup,,15.085303,-47.051245,135.8696,-23.39,-21.11,5.0,3.91,-1.756,B5,-0.144,-63.981638,-66.905071,-99.451605,-0.00000651,0.00001549,-0.00001322,3.949323173768201,-0.8211991435114612,-0.0000001133979199,-0.000000102344167,Pi,,Lup,1,73579,,438.9347855347174,,,
76100,76333,138905,5787,GJ 3912,38Gam Lib,Zubenelhakrabi,15.592105,-14.789537,50.025,65.67,6.93,-28.2,3.91,0.414,K0III,1.007,-28.510476,-39.071229,-12.769777,0.00002905,0.00001279,0.00000899,4.08200351280001,-0.258126111021105,0.000000318377144,0.000000033597588,Gam,38,Lib,1,76100,,59.48397740692212,,,
79750,79992,147394,6092,,22Tau Her,,16.329011,46.313366,94.2507,-13.15,39.31,-14.0,3.91,-0.961,B5IV,-0.151,-27.579279,-58.969611,68.155258,0.00000425,0.00002327,0.00000205,4.2749251221612585,0.8083207295772488,-0.000000063752999,0.000000190580257,Tau,22,Her,1,79750,,211.0571162884348,,,
82952,83207,153808,6324,,58Eps Her,,17.004827,30.926405,47.5285,-47.68,26.89,-25.0,3.92,0.535,A0V,-0.018,-10.50257,-39.395153,24.426522,-0.00000414,0.0000271,-0.00000783,4.451853377357325,0.5397675857059825,-0.0000002311591629,0.000000130366398,Eps,58,Her,1,82952,,53.21082592667942,,,
94873,95168,181577,7340,GJ 4107,44Rho1Sgr,,19.361211,-17.847197,38.9257,-26.95,22.24,1.2,3.92,0.969,F0III/IV,0.228,12.926473,-34.724544,-11.929933,-0.00000391,-0.00000407,0.00000362,5.068753175748739,-0.3114923575525825,-0.0000001306572869,0.000000107822562,Rho-1,44,Sgr,1,94873,,35.67795882885623,Rho-1,3.942,3.912
104649,104987,202447,8131,,8Alp Equ,Kitalpha,21.263731,5.247845,58.3431,59.63,-94.33,-16.0,3.92,0.09,G0III+...,0.549,43.818116,-38.149671,5.336289,0.00000063,0.00002182,-0.00002806,5.56683174357598,0.09159216640849001,0.0000002890943977,-0.000000457324744,Alp,8,Equ,1,104649,,80.16780633876789,,,
2069,2072,2262,100,Gl 20,Kap Phe,,0.436716,-43.679829,23.8095,106.14,32.83,11.3,3.93,2.046,A7V,0.175,17.106924,1.964466,-16.443574,0.00000951,0.00001342,-0.00000524,0.11433201758585475,-0.7623568403121038,0.0000005145812405,0.000000159164331,Kap,,Phe,1,2069,,13.231223331133709,,,
7068,7083,9362,440,,Del Phe,,1.520851,-49.072702,43.573,138.22,154.2,-7.0,3.93,0.734,K0III-IV,0.972,26.31178,11.067445,-32.92116,0.00000704,0.00003464,0.00002675,0.39815775445785606,-0.8564802246514187,0.0000006701094693,0.000000747582695,Del,,Phe,1,7068,,44.299619910036355,,,
13497,13531,17878,854,,18Tau Per,,2.904295,52.762479,77.9423,-1.99,-4.53,2.0,3.93,-0.529,G4III...,0.758,34.175398,32.504346,62.052515,0.0000024,0.00000125,0.00000059,0.7603426015818179,0.9208789768319837,-0.0000000096477922,-0.000000021962059,Tau,18,Per,1,13497,,141.77511231219995,Tau,3.945,3.925
21391,21444,29248,1463,,48Nu  Eri,,4.605317,-3.352459,207.0393,1.73,-4.54,15.0,3.93,-2.65,B2III SB,-0.21,73.800655,193.060106,-12.107266,0.00000375,0.00001468,-0.00000545,1.205669195388671,-0.05851144759223375,0.0000000083872767,-0.000000022010541,Nu,48,Eri,1,21391,,1000.0,Nu,3.979,3.859
37397,37504,63295,3024,,Zet Vol,,7.697004,-72.606098,43.2339,33.38,15.29,48.0,3.93,0.751,K0III,1.033,-5.555002,11.669749,-41.257317,-0.00001394,0.000013,-0.00004589,2.0150710100195575,-1.2672154673799036,0.0000001618308066,0.000000074128011,Zet,,Vol,1,37397,,43.61139713930644,,,
54304,54463,96918,4337,,,,11.143165,-58.975037,100000.0,-5.03,2.09,7.0,3.93,-16.07,G0Ia0,1.225,-50249.82514,11464.949662,-85694.282278,-0.00030767,0.00257126,0.00051607,2.917273675621379,-1.0293085683397063,-0.0000000243861281,0.000000010132605,,,Car,1,54304,,233345806.22810045,V382,3.991,3.901
78693,78933,144470,5993,,9Ome1Sco,,16.113452,-20.669192,144.5087,-10.55,-23.73,-3.0,3.93,-1.869,B1V,-0.046,-64.096463,-119.048882,-51.007488,-0.00000236,0.0000112,-0.00001447,4.2184917984563715,-0.36074546165500254,-0.0000000511478433,-0.000000115046286,Ome-1,9,Sco,1,78693,,487.07966649253666,,,
87920,88192,164353,6714,,67    Oph,,18.010754,2.931568,377.3585,0.41,-8.22,-4.0,3.93,-3.954,B5Ib,0.029,1.061054,-376.863133,19.299314,0.00000074,0.00000332,-0.00001523,4.715204463392691,0.05116550629776501,0.0000000019877361,-0.000000039851684,,67,Oph,1,87920,,3323.533035774778,,,
5337,5348,6882,338,,Zet Phe,Wurren,1.139742,-55.24576,91.5751,21.17,29.7,15.0,3.94,-0.869,B6V + B0V,-0.12,49.896436,15.346501,-75.238648,0.00001595,0.00001474,-0.00000509,0.2983838460567415,-0.9642204110904488,0.0000001026350562,0.000000143989663,Zet,,Phe,1,5337,,193.9099078614849,Zet,4.199,3.929
37340,37447,61935,2970,,26Alp Mon,,7.687454,-9.551131,45.3104,-74.8,-19.64,11.0,3.94,0.659,K0III,1.022,-19.103696,40.392645,-7.518267,0.00001042,0.00001641,-0.00000612,2.0125706488944606,-0.16669868015230252,-0.0000003626406331,-0.000000095217406,Alp,26,Mon,1,37340,,47.46789794829222,,,
37570,37677,62623,2996,,3    Pup,,7.73013,-28.954826,100000.0,-4.57,3.88,25.0,3.94,-16.06,A2Iab,0.16,-38291.587533,78676.76741,-48411.988585,0.00158373,0.00180838,0.00163342,2.02374340313513,-0.5053570434057625,-0.0000000221559852,0.00000001881077,,3,Pup,1,37570,,231206479.01755893,,,
42792,42911,74442,3461,,47Del Cnc,Asellus Australis,8.74475,18.154309,40.032,-17.1,-228.46,17.0,3.94,0.928,K0III,1.083,-25.041776,28.63397,12.473108,-0.00001747,0.00002502,-0.00003671,2.2893702005975305,0.31685245945332746,-0.0000000829031394,-0.000001107605334,Del,47,Cnc,1,42792,,37.05100563019239,,,
103081,103413,199629,8028,,58Nu  Cyg,,20.952893,41.167136,114.8106,8.51,-23.97,-28.0,3.94,-1.36,A1Vn,0.027,60.355787,-61.863108,75.574805,-0.00000553,0.00001245,-0.00002889,5.485454684004387,0.7185020581639088,0.0000000412576442,-0.000000116209839,Nu,58,Cyg,1,103081,,304.7894989627983,,,
9577,9598,12216,580,,50    Cas,,2.057268,72.421294,48.1696,-44.0,22.51,-14.0,3.95,0.536,A2V,-0.002,12.488444,7.46198,45.920103,-0.00000274,-0.00001361,-0.00001206,0.5385914914673299,1.2639900329011413,-0.0000002133180194,0.000000109131559,,50,Cas,1,9577,,53.161839507396266,,,
31512,31592,47205,2429,Gl 239.1,7Nu 2CMa,,6.611399,-19.255879,19.7511,62.32,-69.91,4.1,3.95,2.472,K1III+...,1.037,-2.971851,18.407811,-6.513678,-0.00000617,0.00000078,-0.0000077,1.7308601236890002,-0.336078491665885,0.0000003021358857,-0.000000338933244,Nu-2,7,CMa,1,31512,,8.937169608501975,,,
118887,,116657,5055,GJ 3784B,79Zet UMa,,13.398996,54.920471,24.1546,105.74,-30.32,-9.3,3.95,2.035,A1 m,0.13,-12.960884,-4.971592,19.766651,0.00000682,-0.00001064,-0.00000982,3.507849063099291,0.9585430452246501,0.0000005126419858,-0.000000146995507,Zet,79,UMa,2,118887,GJ 3784,13.365955165464419,,,
19296,19343,25940,1273,,48    Per,,4.144357,47.712513,146.1988,20.19,-33.26,1.0,3.96,-1.865,B3Ve,-0.025,45.931031,86.988502,108.154671,-0.00000419,0.00002271,-0.0000151,1.0849901114839684,0.8327404400709875,0.0000000978838821,-0.00000016124903,,48,Per,1,19296,,485.28850016212095,MX,3.974,3.954
28256,28328,40808,2120,,Eta Col,,5.985778,-42.815135,144.7178,18.53,-11.45,17.0,3.96,-1.843,K0III,1.146,0.395224,106.157169,-98.3554,-0.00001297,0.00000734,-0.00001771,1.5670730510647812,-0.7472650817227025,0.000000089835975,-0.000000055511166,Eta,,Col,1,28256,,475.55417631520834,,,
44120,44248,76943,3579,Gl 332A,,,9.010685,41.782911,16.0694,-487.67,-219.29,27.1,3.96,2.93,F5V,0.463,-8.496677,8.449391,10.707365,0.00000406,0.00004954,0.00000573,2.3589919414548355,0.7292493664557,-0.000002364290876,-0.00000106314792,,,Lyn,1,44120,Gl 332,5.861381645140285,,,
